tc_EPID,tc_EquipmentGroupID,tc_EquipmentUnitID,tc_ExpDurationHrs,tc_ExpEPCount,tc_ExpEndDatetime,tc_ExpStartDatetime,tc_ExperimentID,tc_Latitude,tc_Longitude,tc_C1MassFlow,tc_C1MassFlowUncertainty
4T-32,4T,4T-3,5.5,1,2022-05-16 05:50:41+00:00,2022-05-16 00:20:41+00:00,20220516001,40.5958375,-105.1398447,3119.089351,265.7058687
4T-12,4T,4T-1,3,1,2022-05-14 16:50:31+00:00,2022-05-14 13:50:31+00:00,20220514001,40.595764,-105.1399033,6110.332422,224.8817303
5W-13,5W,5W-1,7.999722222,1,2022-05-14 10:31:42+00:00,2022-05-14 02:31:43+00:00,20220513004,40.59561533,-105.1394182,567.581338,33.93338971
5W-13,5W,5W-1,6.500277778,1,2022-05-12 07:31:26+00:00,2022-05-12 01:01:25+00:00,20220511006,40.59561533,-105.1394182,538.2606027,32.92025303
4W-22,4W,4W-2,8,1,2022-05-08 07:47:53+00:00,2022-05-07 23:47:53+00:00,20220507004,40.59595283,-105.1402622,566.4735518,40.40300194
5W-11,5W,5W-1,5,1,2022-05-06 11:24:05+00:00,2022-05-06 06:24:05+00:00,20220505007,40.59561783,-105.1394243,756.6171257,31.69064526
4T-32,4T,4T-3,1.5,1,2022-05-03 20:52:53+00:00,2022-05-03 19:22:53+00:00,20220503005,40.5958375,-105.1398447,2765.477063,209.4447158
4T-12,4T,4T-1,0.75,1,2022-05-02 22:22:45+00:00,2022-05-02 21:37:45+00:00,20220502008,40.595764,-105.1399033,6394.859754,305.3249692
4W-15,4W,4W-1,6.999722222,1,2022-05-01 05:35:35+00:00,2022-04-30 22:35:36+00:00,20220430004,40.59594217,-105.1402197,852.5696339,103.9174108
4T-31,4T,4T-3,2.25,1,2022-04-30 20:35:32+00:00,2022-04-30 18:20:32+00:00,20220430002,40.59583017,-105.139824,2091.773581,161.55686
5W-13,5W,5W-1,7.999722222,1,2022-04-29 10:04:31+00:00,2022-04-29 02:04:32+00:00,20220428005,40.59561533,-105.1394182,530.4823637,32.51688314
5S-12,5S,5S-1,1.75,1,2022-04-26 20:19:01+00:00,2022-04-26 18:34:01+00:00,20220426003,40.59591783,-105.1393697,1702.201876,74.18085754
4T-32,4T,4T-3,1.000277778,1,2022-04-25 13:55:31+00:00,2022-04-25 12:55:30+00:00,20220422019,40.5958375,-105.1398447,2877.957998,196.4614229
4W-54,4W,4W-5,8,1,2022-04-25 07:55:27+00:00,2022-04-24 23:55:27+00:00,20220422017,40.59593983,-105.1403915,602.4703833,55.06903329
5S-36,5S,5S-3,8,1,2022-04-24 16:55:20+00:00,2022-04-24 08:55:20+00:00,20220422013,40.59593683,-105.1394157,425.1455793,69.52209939
5W-11,5W,5W-1,7,1,2022-04-24 04:55:17+00:00,2022-04-23 21:55:17+00:00,20220422011,40.59561783,-105.1394243,704.7147183,38.31661286
4T-32,4T,4T-3,1.749722222,1,2022-04-22 21:40:03+00:00,2022-04-22 19:55:04+00:00,20220422003,40.5958375,-105.1398447,2163.283374,159.2347016
5W-13,5W,5W-1,5.472777778,1,2022-04-18 14:32:35+00:00,2022-04-18 09:04:13+00:00,20220417008,40.59561533,-105.1394182,608.0174357,115.1019423
5W-13,5W,5W-1,5.5,1,2022-04-16 23:50:51+00:00,2022-04-16 18:20:51+00:00,20220416005,40.59561533,-105.1394182,652.9458662,74.56634196
4T-31,4T,4T-3,2.500277778,1,2022-04-16 01:11:33+00:00,2022-04-15 22:41:32+00:00,20220415009,40.59583017,-105.139824,2128.072193,192.8961218
4S-43,4S,4S-4,1,2,2022-04-15 11:56:18+00:00,2022-04-15 10:56:18+00:00,20220415003,40.59564283,-105.1403473,2758.960134,196.3611512
4T-32,4T,4T-3,1,2,2022-04-12 20:48:32+00:00,2022-04-12 19:48:32+00:00,20220412003,40.5958375,-105.1398447,3244.062451,169.9274853
4W-31,4W,4W-3,7.183333333,4,2022-04-12 13:48:25+00:00,2022-04-12 06:37:25+00:00,20220411010,40.595948,-105.1403037,611.8060352,36.83456781
4S-43,4S,4S-4,0.999722222,1,2022-04-11 22:56:21+00:00,2022-04-11 21:56:22+00:00,20220411006,40.59564283,-105.1403473,4457.405126,157.981715
5S-35,5S,5S-3,6,2,2022-04-09 10:03:29+00:00,2022-04-09 04:03:29+00:00,20220408006,40.59593867,-105.1394113,172.4485421,34.97372841
4T-31,4T,4T-3,3.683333333,3,2022-04-09 01:03:24+00:00,2022-04-08 21:22:24+00:00,20220408004,40.59583017,-105.139824,1284.817444,59.7254782
4S-42,4S,4S-4,2.683333333,3,2022-04-07 00:08:42+00:00,2022-04-06 21:27:42+00:00,20220406005,40.59566533,-105.1403468,1008.689352,33.58952572
4T-32,4T,4T-3,1.5,2,2022-04-04 18:43:23+00:00,2022-04-04 17:13:23+00:00,20220404005,40.5958375,-105.1398447,848.7405472,134.0278099
5S-21,5S,5S-2,3,2,2022-04-04 05:57:24+00:00,2022-04-04 02:57:24+00:00,20220404001,40.59593583,-105.1393965,527.0427954,43.65436757
5S-14,5S,5S-1,3.183333333,3,2022-04-01 20:43:02+00:00,2022-04-01 17:32:02+00:00,20220401004,40.59590333,-105.1393615,670.8545232,28.73231278
4T-32,4T,4T-3,3,2,2022-04-01 02:52:07+00:00,2022-03-31 23:52:07+00:00,20220331004,40.5958375,-105.1398447,41.45913857,68.65455967
4S-43,4S,4S-4,2.683333333,3,2022-03-31 00:46:01+00:00,2022-03-30 22:05:01+00:00,20220330004,40.59564283,-105.1403473,1891.319489,95.52120759
4T-32,4T,4T-3,3.000277778,2,2022-03-30 16:53:52+00:00,2022-03-30 13:53:51+00:00,20220329011,40.5958375,-105.1398447,1613.527354,206.6534345
4S-43,4S,4S-4,2.183333333,3,2022-03-29 23:42:40+00:00,2022-03-29 21:31:40+00:00,20220329005,40.59564283,-105.1403473,1867.878351,212.9867036
4T-31,4T,4T-3,4.903611111,4,2022-03-29 19:31:39+00:00,2022-03-29 14:37:26+00:00,20220329003,40.59583017,-105.139824,205.1119384,3.739375926
4S-41,4S,4S-4,4.183333333,5,2022-03-29 09:19:48+00:00,2022-03-29 05:08:48+00:00,20220329001,40.595668,-105.1403495,158.4723763,3.243896836
5W-11,5W,5W-1,5,2,2022-03-29 02:38:46+00:00,2022-03-28 21:38:46+00:00,20220328003,40.59561783,-105.1394243,195.4507473,6.17970972
5W-23,5W,5W-2,4.683333333,4,2022-03-28 19:38:45+00:00,2022-03-28 14:57:45+00:00,20220328001,40.5956435,-105.1393938,52.82348078,2.960588897
4T-31,4T,4T-3,4.683333333,4,2022-03-28 19:38:45+00:00,2022-03-28 14:57:45+00:00,20220328001,40.59583017,-105.139824,204.6459789,4.025369841
5W-23,5W,5W-2,3.183611111,4,2022-03-26 01:55:18+00:00,2022-03-25 22:44:17+00:00,20220325009,40.5956435,-105.1393938,47.68036128,2.688171678
4T-31,4T,4T-3,3.183611111,4,2022-03-26 01:55:18+00:00,2022-03-25 22:44:17+00:00,20220325009,40.59583017,-105.139824,188.3469109,5.228781332
4T-31,4T,4T-3,3,2,2022-03-25 19:16:50+00:00,2022-03-25 16:16:50+00:00,20220325006,40.59583017,-105.139824,1200.09771,136.0701908
4T-12,4T,4T-1,1.000277778,1,2022-03-25 09:46:42+00:00,2022-03-25 08:46:41+00:00,20220325002,40.595764,-105.1399033,3286.458577,201.5053307
5W-18,5W,5W-1,5.183611111,4,2022-03-25 06:46:39+00:00,2022-03-25 01:35:38+00:00,20220324004,40.595623,-105.1394388,486.5347474,28.15800282
4S-41,4S,4S-4,5.183611111,4,2022-03-25 06:46:39+00:00,2022-03-25 01:35:38+00:00,20220324004,40.595668,-105.1403495,157.359901,6.235071529
5W-110,5W,5W-1,3.683333333,3,2022-03-24 21:22:03+00:00,2022-03-24 17:41:03+00:00,20220324001,40.59562167,-105.139431,674.0654496,29.60512556
5W-23,5W,5W-2,4.683333333,5,2022-03-24 04:40:51+00:00,2022-03-23 23:59:51+00:00,20220323005,40.5956435,-105.1393938,545.4478591,28.79101645
5W-18,5W,5W-1,3.183333333,3,2022-03-23 21:59:46+00:00,2022-03-23 18:48:46+00:00,20220323003,40.595623,-105.1394388,939.1291397,32.69492455
5W-110,5W,5W-1,4.183333333,4,2022-03-22 23:56:29+00:00,2022-03-22 19:45:29+00:00,20220322002,40.59562167,-105.139431,639.5914084,29.87898609
5W-13,5W,5W-1,5.183333333,5,2022-03-17 11:20:50+00:00,2022-03-17 06:09:50+00:00,20220316007,40.59561533,-105.1394182,278.7624709,31.69953561
5S-14,5S,5S-1,3.042222222,3,2022-03-16 18:28:41+00:00,2022-03-16 15:26:09+00:00,20220316001,40.59590333,-105.1393615,685.5665711,29.32657804
5S-15,5S,5S-1,6,2,2022-03-16 12:10:55+00:00,2022-03-16 06:10:55+00:00,20220315011,40.59591267,-105.1393538,490.4237817,30.51294209
4T-32,4T,4T-3,2.999722222,2,2022-03-14 09:23:56+00:00,2022-03-14 06:23:57+00:00,20220314003,40.5958375,-105.1398447,1353.121809,154.9150303
4T-32,4T,4T-3,3,2,2022-03-13 14:06:35+00:00,2022-03-13 11:06:35+00:00,20220312009,40.5958375,-105.1398447,846.8182212,149.4603057
4W-31,4W,4W-3,8.183333333,5,2022-03-12 05:06:20+00:00,2022-03-11 20:55:20+00:00,20220311008,40.595948,-105.1403037,157.5332522,4.180385237
4S-44,4S,4S-4,8.183333333,5,2022-03-12 05:06:20+00:00,2022-03-11 20:55:20+00:00,20220311008,40.59564683,-105.1403532,41.68276627,3.753591743
4T-31,4T,4T-3,2,1,2022-03-08 22:08:05+00:00,2022-03-08 20:08:05+00:00,20220308007,40.59583017,-105.139824,986.3006839,148.1747792
4S-42,4S,4S-4,1.933055556,3,2022-03-08 06:57:21+00:00,2022-03-08 05:01:22+00:00,20220308003,40.59566533,-105.1403468,1324.208319,60.77435446
4W-32,4W,4W-3,1.999722222,1,2022-03-07 15:18:00+00:00,2022-03-07 13:18:01+00:00,20220307006,40.595947,-105.140307,1203.061633,78.85010214
5W-18,5W,5W-1,2.183333333,3,2022-03-06 13:15:07+00:00,2022-03-06 11:04:07+00:00,20220306005,40.595623,-105.1394388,1326.118512,59.42473493
4S-41,4S,4S-4,2.183055556,3,2022-03-05 19:34:24+00:00,2022-03-05 17:23:25+00:00,20220305005,40.595668,-105.1403495,974.8754159,58.27873485
4W-54,4W,4W-5,2.5,1,2022-03-05 11:08:21+00:00,2022-03-05 08:38:21+00:00,20220305001,40.59593983,-105.1403915,793.8242695,28.96645069
4T-32,4T,4T-3,1.75,1,2022-03-04 18:38:06+00:00,2022-03-04 16:53:06+00:00,20220304001,40.5958375,-105.1398447,2119.793405,87.77515752
4T-32,4T,4T-3,1.5,1,2022-03-04 11:38:00+00:00,2022-03-04 10:08:00+00:00,20220303009,40.5958375,-105.1398447,2855.407401,124.9502741
4T-32,4T,4T-3,1.75,1,2022-03-03 22:37:47+00:00,2022-03-03 20:52:47+00:00,20220303003,40.5958375,-105.1398447,2723.255885,100.1315207
4T-31,4T,4T-3,1.433333333,3,2022-03-03 15:22:41+00:00,2022-03-03 13:56:41+00:00,20220302020,40.59583017,-105.139824,2001.7289,63.92035921
4S-42,4S,4S-4,1.433333333,3,2022-03-03 15:22:41+00:00,2022-03-03 13:56:41+00:00,20220302020,40.59566533,-105.1403468,1431.64758,64.87387348
4W-27,4W,4W-2,2.500277778,1,2022-02-28 03:58:52+00:00,2022-02-28 01:28:51+00:00,20220227002,40.59593483,-105.1402633,896.2533489,45.37993083
5S-12,5S,5S-1,2,1,2022-02-27 19:28:42+00:00,2022-02-27 17:28:42+00:00,20220226020,40.59591783,-105.1393697,899.3824568,32.56571432
5W-31,5W,5W-3,1.5,1,2022-02-26 22:36:26+00:00,2022-02-26 21:06:26+00:00,20220226010,40.59568017,-105.1393735,1159.657084,52.54192181
4W-12,4W,4W-1,3.183333333,3,2022-02-26 19:06:23+00:00,2022-02-26 15:55:23+00:00,20220226008,40.59593383,-105.1402173,590.1182539,29.45293872
4T-32,4T,4T-3,3.183333333,3,2022-02-26 19:06:23+00:00,2022-02-26 15:55:23+00:00,20220226008,40.5958375,-105.1398447,630.4842272,29.92790255
5W-22,5W,5W-2,2.183333333,3,2022-02-26 05:14:18+00:00,2022-02-26 03:03:18+00:00,20220226002,40.595653,-105.1393917,755.5904909,29.18728113
5S-14,5S,5S-1,2.5,2,2022-02-25 23:24:15+00:00,2022-02-25 20:54:15+00:00,20220225007,40.59590333,-105.1393615,1336.334427,32.91286196
4S-22,4S,4S-2,2.5,2,2022-02-25 23:24:15+00:00,2022-02-25 20:54:15+00:00,20220225007,40.59566267,-105.1402618,669.2371553,47.94209036
5W-22,5W,5W-2,2.499722222,2,2022-02-25 18:24:11+00:00,2022-02-25 15:54:12+00:00,20220225005,40.595653,-105.1393917,775.4895716,56.79747772
4W-15,4W,4W-1,2.000277778,2,2022-02-25 04:41:10+00:00,2022-02-25 02:41:09+00:00,20220224009,40.59594217,-105.1402197,1193.064056,53.87721983
4W-12,4W,4W-1,2.000277778,2,2022-02-21 20:33:19+00:00,2022-02-21 18:33:18+00:00,20220221002,40.59593383,-105.1402173,720.6947589,60.43050159
5S-32,5S,5S-3,2.183333333,4,2022-02-20 23:42:25+00:00,2022-02-20 21:31:25+00:00,20220220005,40.595943,-105.1394298,860.4400723,35.19566036
4T-11,4T,4T-1,3,2,2022-02-19 17:05:06+00:00,2022-02-19 14:05:06+00:00,20220219001,40.59575067,-105.1398913,671.6569403,45.13152873
4T-32,4T,4T-3,2.183333333,5,2022-02-18 23:23:58+00:00,2022-02-18 21:12:58+00:00,20220218011,40.5958375,-105.1398447,966.4713731,60.78600856
5W-34,5W,5W-3,2.683333333,4,2022-02-18 07:44:09+00:00,2022-02-18 05:03:09+00:00,20220218002,40.59568717,-105.1393902,73.50971223,31.22275886
5S-34,5S,5S-3,2,2,2022-02-17 00:58:35+00:00,2022-02-16 22:58:35+00:00,20220216008,40.5959345,-105.1394178,717.8332836,41.75984593
4W-32,4W,4W-3,2,2,2022-02-17 00:58:35+00:00,2022-02-16 22:58:35+00:00,20220216008,40.595947,-105.140307,757.5630072,45.56116651
4W-22,4W,4W-2,4.183333333,4,2022-02-16 13:17:28+00:00,2022-02-16 09:06:28+00:00,20220216004,40.59595283,-105.1402622,507.5815803,29.2312007
5W-18,5W,5W-1,5.183333333,4,2022-02-15 09:37:52+00:00,2022-02-15 04:26:52+00:00,20220215001,40.595623,-105.1394388,357.7287767,29.32259026
4S-42,4S,4S-4,1.183333333,4,2022-02-14 20:39:49+00:00,2022-02-14 19:28:49+00:00,20220214001,40.59566533,-105.1403468,1177.560027,87.07006465
5S-15,5S,5S-1,2.000277778,3,2022-02-09 19:19:24+00:00,2022-02-09 17:19:23+00:00,20220209001,40.59591267,-105.1393538,393.1927618,38.52681112
4W-22,4W,4W-2,2.184166667,3,2022-02-09 07:19:13+00:00,2022-02-09 05:08:10+00:00,20220208009,40.59595283,-105.1402622,171.3531199,3.382999676
5W-11,5W,5W-1,3.184166667,4,2022-02-08 05:08:01+00:00,2022-02-08 01:56:58+00:00,20220208001,40.59561783,-105.1394243,303.200169,27.09397282
4T-31,4T,4T-3,2.500277778,2,2022-02-07 23:56:49+00:00,2022-02-07 21:26:48+00:00,20220207003,40.59583017,-105.139824,839.41849,137.7647984
4T-31,4T,4T-3,1.500555556,2,2022-02-07 19:26:41+00:00,2022-02-07 17:56:39+00:00,20220207001,40.59583017,-105.139824,846.0113603,143.3412392
4T-31,4T,4T-3,2.000555556,2,2022-02-07 04:07:49+00:00,2022-02-07 02:07:47+00:00,20220206005,40.59583017,-105.139824,127.4028594,3.375794288
4W-54,4W,4W-5,2.184722222,3,2022-02-06 04:26:44+00:00,2022-02-06 02:15:39+00:00,20220205003,40.59593983,-105.1403915,189.8869671,3.289637298
5W-18,5W,5W-1,3.000277778,2,2022-02-05 19:15:20+00:00,2022-02-05 16:15:19+00:00,20220204009,40.595623,-105.1394388,252.9252109,5.448392814
4S-12,4S,4S-1,2.000277778,2,2022-02-05 04:15:09+00:00,2022-02-05 02:15:08+00:00,20220204007,40.59561917,-105.1402258,119.7228505,7.981597844
4W-15,4W,4W-1,1.891111111,2,2022-02-04 23:13:55+00:00,2022-02-04 21:20:27+00:00,20220204004,40.59594217,-105.1402197,561.1807553,28.65426166
4W-31,4W,4W-3,2.000277778,2,2022-02-02 03:59:34+00:00,2022-02-02 01:59:33+00:00,20220201005,40.595948,-105.1403037,233.0548415,11.37815094
4S-43,4S,4S-4,4.499722222,1,2022-05-15 21:22:25+00:00,2022-05-15 16:52:26+00:00,20220515001,40.59564283,-105.1403473,4401.213736,157.705787
5W-22,5W,5W-2,7.999722222,1,2022-05-15 10:50:38+00:00,2022-05-15 02:50:39+00:00,20220514007,40.595653,-105.1393917,948.5965692,38.46182411
4S-23,4S,4S-2,4,1,2022-05-14 22:50:34+00:00,2022-05-14 18:50:34+00:00,20220514004,40.59563067,-105.1402638,5311.601463,188.0461421
4W-27,4W,4W-2,3.5,1,2022-05-13 23:31:39+00:00,2022-05-13 20:01:39+00:00,20220513002,40.59593483,-105.1402633,4410.116107,183.1809291
5S-21,5S,5S-2,6.000277778,1,2022-05-13 07:31:33+00:00,2022-05-13 01:31:32+00:00,20220512005,40.59593583,-105.1393965,708.4996639,38.75034498
4W-43,4W,4W-4,4,1,2022-05-12 16:01:27+00:00,2022-05-12 12:01:27+00:00,20220511008,40.59594067,-105.1403488,3711.080694,147.9076819
4W-43,4W,4W-4,4.504444444,1,2022-05-11 23:01:24+00:00,2022-05-11 18:31:08+00:00,20220511004,40.59594067,-105.1403488,2114.31044,154.6594822
4T-12,4T,4T-1,1.877777778,1,2022-05-10 22:21:19+00:00,2022-05-10 20:28:39+00:00,20220510001,40.595764,-105.1399033,3191.070581,155.1092871
5S-21,5S,5S-2,8,1,2022-05-10 05:49:57+00:00,2022-05-09 21:49:57+00:00,20220509004,40.59593583,-105.1393965,674.5609704,36.00932557
5S-23,5S,5S-2,6.5,1,2022-05-09 08:48:02+00:00,2022-05-09 02:18:02+00:00,20220508005,40.59592817,-105.1394038,654.9817962,33.06688833
5S-36,5S,5S-3,7.999722222,1,2022-05-08 18:47:56+00:00,2022-05-08 10:47:57+00:00,20220508001,40.59593683,-105.1394157,472.3012658,54.66449261
4S-33,4S,4S-3,0.5,1,2022-05-06 14:54:09+00:00,2022-05-06 14:24:09+00:00,20220505009,40.595665,-105.1403025,5346.658094,167.1147968
5S-23,5S,5S-2,4.250277778,1,2022-05-06 03:24:04+00:00,2022-05-05 23:09:03+00:00,20220505005,40.59592817,-105.1394038,632.3664715,41.94798752
5S-36,5S,5S-3,7.000277778,1,2022-05-05 05:07:50+00:00,2022-05-04 22:07:49+00:00,20220504005,40.59593683,-105.1394157,438.4894273,59.57795846
5S-23,5S,5S-2,4.75,1,2022-05-03 12:37:47+00:00,2022-05-03 07:52:47+00:00,20220503001,40.59592817,-105.1394038,543.9344672,113.5549738
4W-47,4W,4W-4,8.249722222,1,2022-05-02 08:21:55+00:00,2022-05-02 00:06:56+00:00,20220502001,40.59595267,-105.1403517,570.589876,58.49802665
4T-31,4T,4T-3,2.25,1,2022-05-01 20:05:44+00:00,2022-05-01 17:50:44+00:00,20220430008,40.59583017,-105.139824,1844.697173,149.8525997
5S-21,5S,5S-2,7.249722222,1,2022-05-01 15:50:39+00:00,2022-05-01 08:35:40+00:00,20220430006,40.59593583,-105.1393965,524.8428613,96.98454087
5S-21,5S,5S-2,6.249722222,2,2022-04-30 09:35:51+00:00,2022-04-30 03:20:52+00:00,20220429009,40.59593583,-105.1393965,541.6500221,118.0016848
4S-23,4S,4S-2,1.25,1,2022-04-28 23:04:27+00:00,2022-04-28 21:49:27+00:00,20220428003,40.59563067,-105.1402638,2626.348355,175.2834505
4T-12,4T,4T-1,0.75,1,2022-04-28 19:19:23+00:00,2022-04-28 18:34:23+00:00,20220428001,40.595764,-105.1399033,4589.638846,236.9965816
4W-15,4W,4W-1,7.5,1,2022-04-28 16:34:20+00:00,2022-04-28 09:04:20+00:00,20220427005,40.59594217,-105.1402197,827.1787902,107.9611958
5S-21,5S,5S-2,7.5,1,2022-04-28 07:04:18+00:00,2022-04-27 23:34:18+00:00,20220427003,40.59593583,-105.1393965,660.6003728,42.85008254
4S-23,4S,4S-2,0.5,1,2022-04-27 16:34:12+00:00,2022-04-27 16:04:12+00:00,20220426009,40.59563067,-105.1402638,5309.676529,272.2239795
5W-13,5W,5W-1,6.5,2,2022-04-27 05:49:05+00:00,2022-04-26 23:19:05+00:00,20220426005,40.59561533,-105.1394182,313.5175894,33.58580131
4T-22,4T,4T-2,0.75,1,2022-04-26 16:33:57+00:00,2022-04-26 15:48:57+00:00,20220426001,40.59579867,-105.1398733,5325.421454,245.5460142
4T-11,4T,4T-1,1,1,2022-04-25 20:25:38+00:00,2022-04-25 19:25:38+00:00,20220422023,40.59575067,-105.1398913,3668.811312,174.4753712
4S-21,4S,4S-2,1.500277778,1,2022-04-25 17:25:33+00:00,2022-04-25 15:55:32+00:00,20220422021,40.59566467,-105.1402658,1852.148364,161.8935309
4S-33,4S,4S-3,1,1,2022-04-24 19:55:23+00:00,2022-04-24 18:55:23+00:00,20220422015,40.595665,-105.1403025,2635.113087,160.7648373
5S-23,5S,5S-2,6,1,2022-04-23 16:40:12+00:00,2022-04-23 10:40:12+00:00,20220422007,40.59592817,-105.1394038,628.9366412,37.18950585
4W-22,4W,4W-2,7.999722222,1,2022-04-23 08:40:07+00:00,2022-04-23 00:40:08+00:00,20220422005,40.59595283,-105.1402622,469.9130119,450.6490869
4W-54,4W,4W-5,7.25,1,2022-04-22 06:33:25+00:00,2022-04-21 23:18:25+00:00,20220421005,40.59593983,-105.1403915,593.5802298,42.17082072
4S-21,4S,4S-2,1.75,2,2022-04-21 20:48:20+00:00,2022-04-21 19:03:20+00:00,20220421003,40.59566467,-105.1402658,1779.468091,150.6095847
4T-22,4T,4T-2,0.750277778,1,2022-04-21 17:03:17+00:00,2022-04-21 16:18:16+00:00,20220421001,40.59579867,-105.1398733,5281.493792,264.5961592
5S-23,5S,5S-2,5.5,1,2022-04-21 13:18:12+00:00,2022-04-21 07:48:12+00:00,20220420008,40.59592817,-105.1394038,587.4120503,38.35225095
4W-26,4W,4W-2,6.75,1,2022-04-21 05:18:09+00:00,2022-04-20 22:33:09+00:00,20220420006,40.59592967,-105.1402628,598.6401116,40.70937422
4S-21,4S,4S-2,1.5,2,2022-04-20 17:03:00+00:00,2022-04-20 15:33:00+00:00,20220419009,40.59566467,-105.1402658,1819.934105,155.803525
4W-22,4W,4W-2,7,1,2022-04-20 13:32:56+00:00,2022-04-20 06:32:56+00:00,20220419007,40.59595283,-105.1402622,572.3596711,40.87641809
5W-11,5W,5W-1,5.5,1,2022-04-20 03:32:53+00:00,2022-04-19 22:02:53+00:00,20220419005,40.59561783,-105.1394243,651.4587041,39.20249343
4S-33,4S,4S-3,0.5,1,2022-04-19 20:02:49+00:00,2022-04-19 19:32:49+00:00,20220419003,40.595665,-105.1403025,4264.838549,202.0127838
4T-32,4T,4T-3,1.500277778,1,2022-04-19 17:32:45+00:00,2022-04-19 16:02:44+00:00,20220419001,40.5958375,-105.1398447,2849.156778,192.4391415
4W-22,4W,4W-2,5.749722222,1,2022-04-19 13:02:40+00:00,2022-04-19 07:17:41+00:00,20220418009,40.59595283,-105.1402622,536.1759445,81.24724853
5S-23,5S,5S-2,5.5,1,2022-04-19 05:17:39+00:00,2022-04-18 23:47:39+00:00,20220418007,40.59592817,-105.1394038,596.370185,54.39162521
5W-32,5W,5W-3,2.500277778,2,2022-04-18 21:17:38+00:00,2022-04-18 18:47:37+00:00,20220418005,40.59567883,-105.1393703,1734.722127,55.41508245
4W-22,4W,4W-2,2.500277778,2,2022-04-18 21:17:38+00:00,2022-04-18 18:47:37+00:00,20220418005,40.59595283,-105.1402622,670.1508682,32.94981331
4S-23,4S,4S-2,0.499722222,2,2022-04-18 16:47:36+00:00,2022-04-18 16:17:37+00:00,20220418003,40.59563067,-105.1402638,2080.036347,161.5133658
5S-21,5S,5S-2,5.5,1,2022-04-18 06:04:07+00:00,2022-04-18 00:34:07+00:00,20220417005,40.59593583,-105.1393965,684.2620262,40.21879318
4S-31,4S,4S-3,2.750277778,1,2022-04-17 21:34:02+00:00,2022-04-17 18:49:01+00:00,20220417003,40.59564767,-105.1403063,1462.482314,147.8789985
4T-31,4T,4T-3,2.5,1,2022-04-17 16:48:57+00:00,2022-04-17 14:18:57+00:00,20220417001,40.59583017,-105.139824,2169.121372,148.3721303
4S-31,4S,4S-3,3,1,2022-04-16 15:20:48+00:00,2022-04-16 12:20:48+00:00,20220416003,40.59564767,-105.1403063,1478.027526,150.1211191
4S-43,4S,4S-4,1.5,1,2022-04-15 20:41:28+00:00,2022-04-15 19:11:28+00:00,20220415007,40.59564283,-105.1403473,4517.879555,199.947265
4T-31,4T,4T-3,2.250277778,2,2022-04-15 16:11:23+00:00,2022-04-15 13:56:22+00:00,20220415005,40.59583017,-105.139824,1852.604363,159.5470276
5W-31,5W,5W-3,1,2,2022-04-15 11:56:18+00:00,2022-04-15 10:56:18+00:00,20220415003,40.59568017,-105.1393735,1827.85959,46.15971733
5W-21,5W,5W-2,3.183333333,4,2022-04-15 07:56:13+00:00,2022-04-15 04:45:13+00:00,20220415001,40.59565283,-105.1394052,290.4824949,29.32540141
4S-43,4S,4S-4,0.999722222,1,2022-04-14 17:22:04+00:00,2022-04-14 16:22:05+00:00,20220414002,40.59564283,-105.1403473,4530.0889,181.9329279
5S-27,5S,5S-2,2.5,2,2022-04-14 00:22:50+00:00,2022-04-13 21:52:50+00:00,20220413003,40.59592467,-105.1393833,1810.231222,48.59336991
4W-27,4W,4W-2,2.5,2,2022-04-14 00:22:50+00:00,2022-04-13 21:52:50+00:00,20220413003,40.59593483,-105.1402633,1405.247442,50.38330146
5W-32,5W,5W-3,2.000277778,2,2022-04-13 17:52:49+00:00,2022-04-13 15:52:48+00:00,20220413001,40.59567883,-105.1393703,1841.77789,49.53786421
4S-23,4S,4S-2,1,1,2022-04-12 17:48:28+00:00,2022-04-12 16:48:28+00:00,20220412001,40.59563067,-105.1402638,3762.650624,160.9674161
5S-28,5S,5S-2,7.183333333,4,2022-04-12 13:48:25+00:00,2022-04-12 06:37:25+00:00,20220411010,40.59593183,-105.1393905,304.8596985,29.75587439
5W-110,5W,5W-1,4.683333333,3,2022-04-10 02:00:06+00:00,2022-04-09 21:19:06+00:00,20220409001,40.59562167,-105.139431,544.217743,28.86619023
4S-42,4S,4S-4,4.183333333,3,2022-04-09 16:14:32+00:00,2022-04-09 12:03:32+00:00,20220408008,40.59566533,-105.1403468,996.1248501,51.54571698
4S-12,4S,4S-1,6,2,2022-04-09 10:03:29+00:00,2022-04-09 04:03:29+00:00,20220408006,40.59561917,-105.1402258,8.360844045,26.81997369
5W-34,5W,5W-3,3.000277778,2,2022-04-08 19:22:22+00:00,2022-04-08 16:22:21+00:00,20220408002,40.59568717,-105.1393902,2049.521188,68.42278527
5S-26,5S,5S-2,2,2,2022-04-05 18:16:31+00:00,2022-04-05 16:16:31+00:00,20220405003,40.59592267,-105.139389,1238.023248,36.19687187
4S-21,4S,4S-2,2,2,2022-04-05 18:16:31+00:00,2022-04-05 16:16:31+00:00,20220405003,40.59566467,-105.1402658,1452.103382,50.94751548
4W-32,4W,4W-3,2.183333333,3,2022-04-05 13:16:28+00:00,2022-04-05 11:05:28+00:00,20220405001,40.595947,-105.140307,830.7361793,155.3470385
4T-31,4T,4T-3,2.183333333,3,2022-04-05 13:16:28+00:00,2022-04-05 11:05:28+00:00,20220405001,40.59583017,-105.139824,1353.566454,228.0798263
5S-23,5S,5S-2,3.183333333,3,2022-04-05 00:54:24+00:00,2022-04-04 21:43:24+00:00,20220404007,40.59592817,-105.1394038,454.2202849,29.40113931
5W-32,5W,5W-3,1.5,2,2022-04-04 18:43:23+00:00,2022-04-04 17:13:23+00:00,20220404005,40.59567883,-105.1393703,2041.64931,47.16850698
4W-31,4W,4W-3,3.000277778,2,2022-04-04 13:57:29+00:00,2022-04-04 10:57:28+00:00,20220404003,40.595948,-105.1403037,188.7526873,38.76018795
5S-28,5S,5S-2,3.683333333,5,2022-04-03 22:57:20+00:00,2022-04-03 19:16:20+00:00,20220403006,40.59593183,-105.1393905,214.2144475,34.95275006
5S-21,5S,5S-2,4.000277778,2,2022-04-03 13:24:09+00:00,2022-04-03 09:24:08+00:00,20220403004,40.59593583,-105.1393965,530.756979,32.67085104
5S-14,5S,5S-1,2.183333333,3,2022-04-03 07:24:07+00:00,2022-04-03 05:13:07+00:00,20220403002,40.59590333,-105.1393615,690.9456503,40.35579644
5W-22,5W,5W-2,2.820277778,2,2022-04-02 02:32:18+00:00,2022-04-01 23:43:05+00:00,20220401006,40.595653,-105.1393917,478.4034336,39.76468872
4T-31,4T,4T-3,2.820277778,2,2022-04-02 02:32:18+00:00,2022-04-01 23:43:05+00:00,20220401006,40.59583017,-105.139824,1010.717977,150.8002983
4W-43,4W,4W-4,2.000277778,2,2022-03-31 04:46:05+00:00,2022-03-31 02:46:04+00:00,20220330006,40.59594067,-105.1403488,2005.385953,38.32259847
4T-11,4T,4T-1,2.000277778,2,2022-03-31 04:46:05+00:00,2022-03-31 02:46:04+00:00,20220330006,40.59575067,-105.1398913,2077.251938,103.8707081
4W-27,4W,4W-2,3.000277778,2,2022-03-30 16:53:52+00:00,2022-03-30 13:53:51+00:00,20220329011,40.59593483,-105.1402633,1985.83886,72.89756595
5W-22,5W,5W-2,3.183333333,3,2022-03-30 04:53:44+00:00,2022-03-30 01:42:44+00:00,20220329007,40.595653,-105.1393917,1104.174793,56.22383267
4T-31,4T,4T-3,3.183333333,3,2022-03-30 04:53:44+00:00,2022-03-30 01:42:44+00:00,20220329007,40.59583017,-105.139824,1486.148606,257.2518591
5S-35,5S,5S-3,4.903611111,4,2022-03-29 19:31:39+00:00,2022-03-29 14:37:26+00:00,20220329003,40.59593867,-105.1394113,134.9958655,5.473733479
5W-34,5W,5W-3,2.500277778,1,2022-03-25 14:16:45+00:00,2022-03-25 11:46:44+00:00,20220325004,40.59568717,-105.1393902,1181.48819,40.38233791
5S-23,5S,5S-2,4.183333333,3,2022-03-23 13:18:37+00:00,2022-03-23 09:07:37+00:00,20220322006,40.59592817,-105.1394038,732.1690349,36.3668791
4S-12,4S,4S-1,5.183611111,5,2022-03-23 07:07:33+00:00,2022-03-23 01:56:32+00:00,20220322004,40.59561917,-105.1402258,150.7170732,3.279286929
5S-21,5S,5S-2,8.183333333,5,2022-03-22 15:53:13+00:00,2022-03-22 07:42:13+00:00,20220321009,40.59593583,-105.1393965,396.7298666,33.60871487
4S-22,4S,4S-2,8.183333333,5,2022-03-22 15:53:13+00:00,2022-03-22 07:42:13+00:00,20220321009,40.59566267,-105.1402618,117.8739558,3.643642649
5W-31,5W,5W-3,2,1,2022-03-22 05:42:12+00:00,2022-03-22 03:42:12+00:00,20220321007,40.59568017,-105.1393735,1313.654478,40.16465254
5W-32,5W,5W-3,1.5,1,2022-03-21 22:12:09+00:00,2022-03-21 20:42:09+00:00,20220321003,40.59567883,-105.1393703,2071.342393,52.05626881
5W-22,5W,5W-2,2,2,2022-03-21 18:42:07+00:00,2022-03-21 16:42:07+00:00,20220321001,40.595653,-105.1393917,519.9996514,32.80960445
5W-31,5W,5W-3,2,1,2022-03-19 19:17:16+00:00,2022-03-19 17:17:16+00:00,20220319005,40.59568017,-105.1393735,1203.668197,38.30535322
5S-15,5S,5S-1,3,2,2022-03-19 01:13:18+00:00,2022-03-18 22:13:18+00:00,20220318003,40.59591267,-105.1393538,706.9746887,42.71834958
4T-32,4T,4T-3,3,2,2022-03-19 01:13:18+00:00,2022-03-18 22:13:18+00:00,20220318003,40.5958375,-105.1398447,1372.138863,159.0444958
4T-22,4T,4T-2,1.5,1,2022-03-17 20:50:57+00:00,2022-03-17 19:20:57+00:00,20220317001,40.59579867,-105.1398733,2911.319176,159.0886023
4T-31,4T,4T-3,4,2,2022-03-17 17:20:53+00:00,2022-03-17 13:20:53+00:00,20220316009,40.59583017,-105.139824,1000.59494,145.2462532
4S-22,4S,4S-2,5.183333333,5,2022-03-17 11:20:50+00:00,2022-03-17 06:09:50+00:00,20220316007,40.59566267,-105.1402618,154.5422548,3.278594823
5S-15,5S,5S-1,4.183055556,3,2022-03-17 04:09:46+00:00,2022-03-16 23:58:47+00:00,20220316005,40.59591267,-105.1393538,730.7728402,39.68623888
4S-32,4S,4S-3,6,2,2022-03-16 12:10:55+00:00,2022-03-16 06:10:55+00:00,20220315011,40.59564083,-105.1403,157.0162295,4.444869648
5W-26,5W,5W-2,5.5,2,2022-03-16 04:10:54+00:00,2022-03-15 22:40:54+00:00,20220315009,40.5956515,-105.1393952,343.3424312,45.95904891
4T-11,4T,4T-1,2.999722222,1,2022-03-15 20:34:16+00:00,2022-03-15 17:34:17+00:00,20220315004,40.59575067,-105.1398913,1627.282705,172.3230362
5S-14,5S,5S-1,2,2,2022-03-15 16:04:16+00:00,2022-03-15 14:04:16+00:00,20220315001,40.59590333,-105.1393615,707.5900619,43.65655299
4T-32,4T,4T-3,2,2,2022-03-15 16:04:16+00:00,2022-03-15 14:04:16+00:00,20220315001,40.5958375,-105.1398447,898.5256504,155.456104
5W-21,5W,5W-2,8.183333333,5,2022-03-15 09:46:09+00:00,2022-03-15 01:35:09+00:00,20220314009,40.59565283,-105.1394052,368.1931234,40.70631913
4W-31,4W,4W-3,8.183333333,5,2022-03-15 09:46:09+00:00,2022-03-15 01:35:09+00:00,20220314009,40.595948,-105.1403037,138.6788643,3.669241119
4S-22,4S,4S-2,7.183333333,3,2022-03-14 18:35:02+00:00,2022-03-14 11:24:02+00:00,20220314005,40.59566267,-105.1402618,154.4171053,3.000263589
5S-15,5S,5S-1,2.999722222,2,2022-03-14 09:23:56+00:00,2022-03-14 06:23:57+00:00,20220314003,40.59591267,-105.1393538,758.4244136,39.40784848
5W-13,5W,5W-1,2.183333333,5,2022-03-14 04:23:55+00:00,2022-03-14 02:12:55+00:00,20220314001,40.59561533,-105.1394182,267.1571401,30.20831454
5W-26,5W,5W-2,3.183333333,3,2022-03-13 19:17:37+00:00,2022-03-13 16:06:37+00:00,20220312011,40.5956515,-105.1393952,826.8880904,52.12972685
5S-14,5S,5S-1,3,2,2022-03-13 14:06:35+00:00,2022-03-13 11:06:35+00:00,20220312009,40.59590333,-105.1393615,711.4993955,33.91166853
5S-15,5S,5S-1,6.999722222,2,2022-03-13 09:06:32+00:00,2022-03-13 02:06:33+00:00,20220312007,40.59591267,-105.1393538,495.8456873,34.56709272
5S-21,5S,5S-2,3.999722222,2,2022-03-13 00:06:29+00:00,2022-03-12 20:06:30+00:00,20220312005,40.59593583,-105.1393965,526.8569943,31.62919329
5W-26,5W,5W-2,4.000277778,2,2022-03-12 18:06:27+00:00,2022-03-12 14:06:26+00:00,20220312003,40.5956515,-105.1393952,601.2444734,55.44955554
4T-31,4T,4T-3,4.000277778,2,2022-03-12 18:06:27+00:00,2022-03-12 14:06:26+00:00,20220312003,40.59583017,-105.139824,828.6280877,150.5314816
5W-21,5W,5W-2,4.999722222,2,2022-03-12 12:06:22+00:00,2022-03-12 07:06:23+00:00,20220312001,40.59565283,-105.1394052,430.3404208,39.50593734
5W-21,5W,5W-2,8.183333333,5,2022-03-12 05:06:20+00:00,2022-03-11 20:55:20+00:00,20220311008,40.59565283,-105.1394052,365.8241295,29.12630769
5W-26,5W,5W-2,2,1,2022-03-11 04:35:56+00:00,2022-03-11 02:35:56+00:00,20220310005,40.5956515,-105.1393952,981.6703872,34.08506047
4S-23,4S,4S-2,3.999722222,1,2022-03-11 00:35:52+00:00,2022-03-10 20:35:53+00:00,20220310003,40.59563067,-105.1402638,139.44645,34.09303404
4T-12,4T,4T-1,0.999722222,1,2022-03-10 18:35:48+00:00,2022-03-10 17:35:49+00:00,20220310001,40.595764,-105.1399033,2254.214867,153.2896765
4T-32,4T,4T-3,1.500277778,1,2022-03-10 15:35:46+00:00,2022-03-10 14:05:45+00:00,20220309026,40.5958375,-105.1398447,1682.394227,182.2659634
4W-43,4W,4W-4,2.999722222,1,2022-03-10 08:05:38+00:00,2022-03-10 05:05:39+00:00,20220309020,40.59594067,-105.1403488,173.2215315,7.309146325
5S-21,5S,5S-2,1,1,2022-03-10 03:05:37+00:00,2022-03-10 02:05:37+00:00,20220309018,40.59593583,-105.1393965,489.7454246,29.42157792
5W-22,5W,5W-2,2,1,2022-03-09 20:35:35+00:00,2022-03-09 18:35:35+00:00,20220309014,40.595653,-105.1393917,875.9218923,42.36404929
5W-32,5W,5W-3,1.933055556,3,2022-03-08 06:57:21+00:00,2022-03-08 05:01:22+00:00,20220308003,40.59567883,-105.1393703,1089.575923,57.55467049
4W-22,4W,4W-2,2,1,2022-03-07 11:17:58+00:00,2022-03-07 09:17:58+00:00,20220307004,40.59595283,-105.1402622,1465.791778,41.28652622
5S-34,5S,5S-3,3,1,2022-03-07 07:17:54+00:00,2022-03-07 04:17:54+00:00,20220307002,40.5959345,-105.1394178,176.7390975,36.23631297
4T-31,4T,4T-3,2.000277778,1,2022-03-06 21:45:15+00:00,2022-03-06 19:45:14+00:00,20220306009,40.59583017,-105.139824,1469.333196,73.45664345
4T-32,4T,4T-3,2.500277778,1,2022-03-06 17:45:10+00:00,2022-03-06 15:15:09+00:00,20220306007,40.5958375,-105.1398447,1293.171597,73.61572809
4S-21,4S,4S-2,2.183333333,3,2022-03-06 13:15:07+00:00,2022-03-06 11:04:07+00:00,20220306005,40.59566467,-105.1402658,1089.419925,58.38500299
4W-26,4W,4W-2,1.5,1,2022-03-06 04:34:00+00:00,2022-03-06 03:04:00+00:00,20220306001,40.59592967,-105.1402628,811.2401888,33.15316167
5W-34,5W,5W-3,2.249722222,1,2022-03-05 15:23:22+00:00,2022-03-05 13:08:23+00:00,20220305003,40.59568717,-105.1393902,1324.227482,75.95649543
4T-32,4T,4T-3,1.5,1,2022-03-05 02:08:15+00:00,2022-03-05 00:38:15+00:00,20220304005,40.5958375,-105.1398447,2102.903217,113.1680298
4W-11,4W,4W-1,2,1,2022-03-04 22:38:11+00:00,2022-03-04 20:38:11+00:00,20220304003,40.59594667,-105.1402195,1762.170166,46.36852507
5W-32,5W,5W-3,1.25,2,2022-03-04 14:53:03+00:00,2022-03-04 13:38:03+00:00,20220303011,40.59567883,-105.1393703,1924.95665,67.29663203
4W-32,4W,4W-3,1.25,2,2022-03-04 14:53:03+00:00,2022-03-04 13:38:03+00:00,20220303011,40.595947,-105.140307,1429.945001,36.04109707
5W-32,5W,5W-3,2,2,2022-03-03 02:26:37+00:00,2022-03-03 00:26:37+00:00,20220302014,40.59567883,-105.1393703,1823.423077,156.715139
4T-12,4T,4T-1,1.5,1,2022-03-02 22:49:54+00:00,2022-03-02 21:19:54+00:00,20220302009,40.595764,-105.1399033,3816.612077,84.37512222
4T-22,4T,4T-2,1.500277778,1,2022-03-02 19:19:54+00:00,2022-03-02 17:49:53+00:00,20220302007,40.59579867,-105.1398733,2791.728077,115.7620832
4S-42,4S,4S-4,2.183055556,3,2022-03-02 02:32:49+00:00,2022-03-02 00:21:50+00:00,20220301013,40.59566533,-105.1403468,1330.697013,57.77334609
4T-11,4T,4T-1,1.500277778,1,2022-03-01 18:51:43+00:00,2022-03-01 17:21:42+00:00,20220301009,40.59575067,-105.1398913,3161.141194,76.44866274
4S-32,4S,4S-3,2.500277778,2,2022-02-28 22:59:27+00:00,2022-02-28 20:29:26+00:00,20220228007,40.59564083,-105.1403,490.2150311,30.8056136
4S-23,4S,4S-2,2.500277778,1,2022-02-28 18:29:24+00:00,2022-02-28 15:59:23+00:00,20220228005,40.59563067,-105.1402638,1243.806137,51.46703885
4T-12,4T,4T-1,3,1,2022-02-28 13:59:18+00:00,2022-02-28 10:59:18+00:00,20220228003,40.595764,-105.1399033,864.3734153,31.87279458
4S-23,4S,4S-2,2.999722222,1,2022-02-28 08:59:13+00:00,2022-02-28 05:59:14+00:00,20220228001,40.59563067,-105.1402638,1220.278663,68.78438919
4W-43,4W,4W-4,1.999722222,1,2022-02-27 23:28:47+00:00,2022-02-27 21:28:48+00:00,20220226022,40.59594067,-105.1403488,971.3932944,44.59108831
4T-12,4T,4T-1,3.183055556,3,2022-02-27 15:28:37+00:00,2022-02-27 12:17:38+00:00,20220226018,40.595764,-105.1399033,907.9762806,76.44456111
4W-12,4W,4W-1,2.183055556,3,2022-02-27 10:17:33+00:00,2022-02-27 08:06:34+00:00,20220226016,40.59593383,-105.1402173,560.6888523,27.75039168
5S-27,5S,5S-2,1.499722222,1,2022-02-27 06:06:31+00:00,2022-02-27 04:36:32+00:00,20220226014,40.59592467,-105.1393833,843.6203738,34.04981017
5W-32,5W,5W-3,2,1,2022-02-27 02:36:30+00:00,2022-02-27 00:36:30+00:00,20220226012,40.59567883,-105.1393703,887.0125231,37.89936665
4S-31,4S,4S-3,2.683611111,3,2022-02-26 13:55:22+00:00,2022-02-26 11:14:21+00:00,20220226006,40.59564767,-105.1403063,715.2058393,30.55534429
4S-32,4S,4S-3,2,2,2022-02-26 09:14:19+00:00,2022-02-26 07:14:19+00:00,20220226004,40.59564083,-105.1403,750.7700403,34.82984042
4S-31,4S,4S-3,1.683333333,3,2022-02-25 13:41:56+00:00,2022-02-25 12:00:56+00:00,20220225003,40.59564767,-105.1403063,1500.388661,87.50655558
4W-12,4W,4W-1,2.5,2,2022-02-24 19:30:02+00:00,2022-02-24 17:00:02+00:00,20220224005,40.59593383,-105.1402173,799.5424434,32.20300661
5S-15,5S,5S-1,2,2,2022-02-24 14:30:00+00:00,2022-02-24 12:30:00+00:00,20220224003,40.59591267,-105.1393538,928.2007286,50.09443833
4T-31,4T,4T-3,2,2,2022-02-24 14:30:00+00:00,2022-02-24 12:30:00+00:00,20220224003,40.59583017,-105.139824,1842.105677,50.24375403
5W-31,5W,5W-3,3,2,2022-02-24 09:59:58+00:00,2022-02-24 06:59:58+00:00,20220224001,40.59568017,-105.1393735,920.3889155,47.34481285
4S-23,4S,4S-2,3,2,2022-02-24 09:59:58+00:00,2022-02-24 06:59:58+00:00,20220224001,40.59563067,-105.1402638,925.1706084,58.98968727
5S-14,5S,5S-1,2.500277778,2,2022-02-24 04:59:56+00:00,2022-02-24 02:29:55+00:00,20220223008,40.59590333,-105.1393615,1412.337265,47.56781465
4S-22,4S,4S-2,2.500277778,2,2022-02-24 04:59:56+00:00,2022-02-24 02:29:55+00:00,20220223008,40.59566267,-105.1402618,786.1909802,39.65078713
4W-27,4W,4W-2,2.5,1,2022-02-23 01:03:32+00:00,2022-02-22 22:33:32+00:00,20220222003,40.59593483,-105.1402633,1889.37248,60.81101491
4T-22,4T,4T-2,2,1,2022-02-22 20:33:29+00:00,2022-02-22 18:33:29+00:00,20220222001,40.59579867,-105.1398733,1885.318583,40.31746776
5S-26,5S,5S-2,3.183611111,4,2022-02-21 05:53:30+00:00,2022-02-21 02:42:29+00:00,20220220007,40.59592267,-105.139389,587.4042136,44.36461244
4W-26,4W,4W-2,2.783333333,4,2022-02-20 17:31:21+00:00,2022-02-20 14:44:21+00:00,20220220003,40.59592967,-105.1402628,639.0896427,43.8178867
4T-31,4T,4T-3,2.783333333,4,2022-02-20 17:31:21+00:00,2022-02-20 14:44:21+00:00,20220220003,40.59583017,-105.139824,947.3818062,69.02931624
5S-36,5S,5S-3,2.283333333,5,2022-02-20 11:44:18+00:00,2022-02-20 09:27:18+00:00,20220220001,40.59593683,-105.1394157,610.3438327,29.45322975
4T-11,4T,4T-1,2.283333333,5,2022-02-20 11:44:18+00:00,2022-02-20 09:27:18+00:00,20220220001,40.59575067,-105.1398913,1007.788041,48.25714885
5S-35,5S,5S-3,2.183333333,5,2022-02-20 05:27:14+00:00,2022-02-20 03:16:14+00:00,20220219005,40.59593867,-105.1394113,610.3857593,27.84335953
5S-34,5S,5S-3,2.183611111,5,2022-02-19 23:16:11+00:00,2022-02-19 21:05:10+00:00,20220219003,40.5959345,-105.1394178,638.0099385,58.40668629
5W-110,5W,5W-1,3,2,2022-02-19 17:05:06+00:00,2022-02-19 14:05:06+00:00,20220219001,40.59562167,-105.139431,578.9663597,38.74689948
5S-34,5S,5S-3,3,2,2022-02-19 11:05:02+00:00,2022-02-19 08:05:02+00:00,20220218015,40.5959345,-105.1394178,711.0253062,36.22162667
5S-35,5S,5S-3,2.183333333,5,2022-02-18 23:23:58+00:00,2022-02-18 21:12:58+00:00,20220218011,40.59593867,-105.1394113,580.8962943,40.47557874
5S-32,5S,5S-3,2.183333333,4,2022-02-18 02:01:46+00:00,2022-02-17 23:50:46+00:00,20220217007,40.595943,-105.1394298,950.6005481,41.02968674
4S-41,4S,4S-4,2.183333333,4,2022-02-18 02:01:46+00:00,2022-02-17 23:50:46+00:00,20220217007,40.595668,-105.1403495,897.1700165,32.39866927
5S-23,5S,5S-2,1.683333333,4,2022-02-17 20:50:45+00:00,2022-02-17 19:09:45+00:00,20220217005,40.59592817,-105.1394038,955.2100672,55.11259662
4S-42,4S,4S-4,1.683333333,4,2022-02-17 20:50:45+00:00,2022-02-17 19:09:45+00:00,20220217005,40.59566533,-105.1403468,704.7774351,55.2281696
5S-36,5S,5S-3,4.183333333,5,2022-02-17 15:09:41+00:00,2022-02-17 10:58:41+00:00,20220217003,40.59593683,-105.1394157,463.185897,28.40461075
4S-41,4S,4S-4,3.000277778,2,2022-02-17 06:58:38+00:00,2022-02-17 03:58:37+00:00,20220217001,40.595668,-105.1403495,559.6157965,29.94888527
5S-34,5S,5S-3,2.183333333,5,2022-02-16 19:28:32+00:00,2022-02-16 17:17:32+00:00,20220216006,40.5959345,-105.1394178,703.1979852,49.89977386
4W-51,4W,4W-5,2.183333333,5,2022-02-16 19:28:32+00:00,2022-02-16 17:17:32+00:00,20220216006,40.59594817,-105.1403913,843.6066943,31.432144
5W-11,5W,5W-1,4.183055556,5,2022-02-16 06:36:25+00:00,2022-02-16 02:25:26+00:00,20220216002,40.59561783,-105.1394243,484.2944137,28.84475955
4S-42,4S,4S-4,1.901111111,5,2022-02-15 19:31:52+00:00,2022-02-15 17:37:48+00:00,20220215009,40.59566533,-105.1403468,497.1705844,32.09502968
4W-32,4W,4W-3,5.183333333,4,2022-02-15 09:37:52+00:00,2022-02-15 04:26:52+00:00,20220215001,40.595947,-105.140307,7.5780631,26.79585192
5S-36,5S,5S-3,2.783333333,5,2022-02-15 01:26:50+00:00,2022-02-14 22:39:50+00:00,20220214003,40.59593683,-105.1394157,566.75161,46.24789321
4W-32,4W,4W-3,2.783333333,5,2022-02-15 01:26:50+00:00,2022-02-14 22:39:50+00:00,20220214003,40.595947,-105.140307,832.4442274,32.72219775
4W-32,4W,4W-3,2,3,2022-02-11 18:27:29+00:00,2022-02-11 16:27:29+00:00,20220211004,40.595947,-105.140307,269.550857,4.706512156
4T-11,4T,4T-1,2,3,2022-02-11 18:27:29+00:00,2022-02-11 16:27:29+00:00,20220211004,40.59575067,-105.1398913,1286.809213,167.9947876
4S-44,4S,4S-4,1.996388889,4,2022-02-10 18:20:25+00:00,2022-02-10 16:20:38+00:00,20220210006,40.59564683,-105.1403532,195.8140393,3.212999962
5W-21,5W,5W-2,2.184444444,4,2022-02-10 05:11:54+00:00,2022-02-10 03:00:50+00:00,20220209005,40.59565283,-105.1394052,296.7961463,27.18317233
4S-23,4S,4S-2,2.184444444,3,2022-02-10 00:30:38+00:00,2022-02-09 22:19:34+00:00,20220209003,40.59563067,-105.1402638,116.974088,3.029763772
4T-22,4T,4T-2,2.000277778,3,2022-02-09 19:19:24+00:00,2022-02-09 17:19:23+00:00,20220209001,40.59579867,-105.1398733,1229.791557,139.2397404
4S-22,4S,4S-2,2.684444444,3,2022-02-09 03:08:00+00:00,2022-02-09 00:26:56+00:00,20220208007,40.59566267,-105.1402618,128.7437035,2.749597558
5S-14,5S,5S-1,2.500555556,2,2022-02-08 22:26:46+00:00,2022-02-08 19:56:44+00:00,20220208005,40.59590333,-105.1393615,358.8082448,33.98806665
4W-54,4W,4W-5,3.184166667,4,2022-02-08 05:08:01+00:00,2022-02-08 01:56:58+00:00,20220208001,40.59593983,-105.1403915,191.5238393,7.372710068
4S-33,4S,4S-3,1.500555556,2,2022-02-07 19:26:41+00:00,2022-02-07 17:56:39+00:00,20220207001,40.595665,-105.1403025,115.1188205,4.002107088
5W-11,5W,5W-1,3.000555556,2,2022-02-07 00:07:37+00:00,2022-02-06 21:07:35+00:00,20220206003,40.59561783,-105.1394243,182.1118012,8.709297607
5W-11,5W,5W-1,2.000277778,2,2022-02-05 04:15:09+00:00,2022-02-05 02:15:08+00:00,20220204007,40.59561783,-105.1394243,182.370685,8.720148091
4S-23,4S,4S-2,3.184166667,3,2022-02-04 19:20:19+00:00,2022-02-04 16:09:16+00:00,20220204002,40.59563067,-105.1402638,781.8283154,49.10173417
5S-21,5S,5S-2,3.000277778,2,2022-02-02 18:59:47+00:00,2022-02-02 15:59:46+00:00,20220202001,40.59593583,-105.1393965,245.8030917,14.31154735
4S-22,4S,4S-2,3.000277778,2,2022-02-02 18:59:47+00:00,2022-02-02 15:59:46+00:00,20220202001,40.59566267,-105.1402618,186.6312964,25.46293713
4T-31,4T,4T-3,3.000277778,2,2022-02-01 23:59:24+00:00,2022-02-01 20:59:23+00:00,20220201003,40.59583017,-105.139824,125.700665,3.033556609
5S-21,5S,5S-2,2,3,2022-02-01 18:59:11+00:00,2022-02-01 16:59:11+00:00,20220201001,40.59593583,-105.1393965,120.0626457,4.37838217
4T-32,4T,4T-3,6,1,2022-05-13 18:01:35+00:00,2022-05-13 12:01:35+00:00,20220512007,40.5958375,-105.1398447,3134.831466,181.7163703
4T-12,4T,4T-1,4.5,1,2022-05-12 22:31:31+00:00,2022-05-12 18:01:31+00:00,20220512003,40.595764,-105.1399033,4602.107876,177.478758
4W-27,4W,4W-2,3,1,2022-05-10 16:20:00+00:00,2022-05-10 13:20:00+00:00,20220509006,40.59593483,-105.1402633,2727.785784,149.7385189
4S-21,4S,4S-2,1.999722222,1,2022-05-09 19:49:54+00:00,2022-05-09 17:49:55+00:00,20220509002,40.59566467,-105.1402658,1977.548873,148.7351379
4S-33,4S,4S-3,1.5,1,2022-05-08 22:18:00+00:00,2022-05-08 20:48:00+00:00,20220508003,40.595665,-105.1403025,2617.628159,185.6776551
4W-22,4W,4W-2,8,1,2022-05-07 05:52:17+00:00,2022-05-06 21:52:17+00:00,20220506004,40.59595283,-105.1402622,183.6912927,310.2520861
4S-21,4S,4S-2,0.5,1,2022-05-05 17:38:54+00:00,2022-05-05 17:08:54+00:00,20220505001,40.59566467,-105.1402658,1989.706076,180.5261496
4W-22,4W,4W-2,6.749722222,1,2022-05-05 13:52:53+00:00,2022-05-05 07:07:54+00:00,20220504007,40.59595283,-105.1402622,522.7488387,67.15090325
4T-11,4T,4T-1,1,1,2022-05-04 19:07:46+00:00,2022-05-04 18:07:46+00:00,20220504003,40.59575067,-105.1398913,3625.413063,173.7551187
4S-33,4S,4S-3,0.75,1,2022-05-04 15:37:42+00:00,2022-05-04 14:52:42+00:00,20220504001,40.595665,-105.1403025,4605.669773,225.3832017
4W-54,4W,4W-5,4.5,1,2022-05-04 04:22:56+00:00,2022-05-03 23:52:56+00:00,20220503007,40.59593983,-105.1403915,588.5008446,35.55891493
4S-21,4S,4S-2,0.75,1,2022-05-03 16:22:50+00:00,2022-05-03 15:37:50+00:00,20220503003,40.59566467,-105.1402658,2086.08124,173.4699985
4T-12,4T,4T-1,0.75,1,2022-05-02 16:07:00+00:00,2022-05-02 15:22:00+00:00,20220502003,40.595764,-105.1399033,4851.548328,203.8143172
4W-47,4W,4W-4,6.249722222,2,2022-04-30 09:35:51+00:00,2022-04-30 03:20:52+00:00,20220429009,40.59595267,-105.1403517,587.7617772,70.93693713
5W-31,5W,5W-3,2.5,1,2022-04-27 21:04:15+00:00,2022-04-27 18:34:15+00:00,20220427001,40.59568017,-105.1393735,1689.604529,38.80326037
4W-47,4W,4W-4,4.25,1,2022-04-27 14:04:09+00:00,2022-04-27 09:49:09+00:00,20220426007,40.59595267,-105.1403517,591.7636636,46.9166355
4W-31,4W,4W-3,6.5,2,2022-04-27 05:49:05+00:00,2022-04-26 23:19:05+00:00,20220426005,40.595948,-105.1403037,139.5973526,53.9405414
4W-15,4W,4W-1,5,1,2022-04-26 03:55:42+00:00,2022-04-25 22:55:42+00:00,20220425001,40.59594217,-105.1402197,869.087544,101.1350115
5W-23,5W,5W-2,4,1,2022-04-22 13:33:30+00:00,2022-04-22 09:33:30+00:00,20220421009,40.5956435,-105.1393938,362.3516967,34.47085002
4T-12,4T,4T-1,0.5,1,2022-04-20 20:33:06+00:00,2022-04-20 20:03:06+00:00,20220420004,40.595764,-105.1399033,6126.837587,408.9522954
4W-15,4W,4W-1,4.999722222,1,2022-04-16 10:20:43+00:00,2022-04-16 05:20:44+00:00,20220416001,40.59594217,-105.1402197,845.8297757,115.8569212
5W-32,5W,5W-3,2.250277778,2,2022-04-15 16:11:23+00:00,2022-04-15 13:56:22+00:00,20220415005,40.59567883,-105.1393703,1764.51039,52.1947506
4W-31,4W,4W-3,3.183333333,4,2022-04-15 07:56:13+00:00,2022-04-15 04:45:13+00:00,20220415001,40.595948,-105.1403037,598.7634874,36.93730664
4T-22,4T,4T-2,1.000277778,1,2022-04-14 21:22:08+00:00,2022-04-14 20:22:07+00:00,20220414004,40.59579867,-105.1398733,5377.93818,256.4121065
4T-22,4T,4T-2,1,1,2022-04-11 19:56:21+00:00,2022-04-11 18:56:21+00:00,20220411004,40.59579867,-105.1398733,5373.310763,203.4288351
4W-22,4W,4W-2,4.183333333,3,2022-04-09 16:14:32+00:00,2022-04-09 12:03:32+00:00,20220408008,40.59595283,-105.1402622,1100.061707,32.40813281
4W-32,4W,4W-3,3.683333333,3,2022-04-09 01:03:24+00:00,2022-04-08 21:22:24+00:00,20220408004,40.595947,-105.140307,744.7905457,29.35724584
4W-11,4W,4W-1,3.000277778,2,2022-04-08 19:22:22+00:00,2022-04-08 16:22:21+00:00,20220408002,40.59594667,-105.1402195,1937.954396,51.76445192
4W-22,4W,4W-2,2.683333333,3,2022-04-07 00:08:42+00:00,2022-04-06 21:27:42+00:00,20220406005,40.59595283,-105.1402622,1099.948324,32.43891263
4W-54,4W,4W-5,4.183333333,3,2022-04-05 08:05:25+00:00,2022-04-05 03:54:25+00:00,20220404009,40.59593983,-105.1403915,8.019957556,26.78875056
5W-21,5W,5W-2,3.000277778,2,2022-04-04 13:57:29+00:00,2022-04-04 10:57:28+00:00,20220404003,40.59565283,-105.1394052,404.4798796,92.68663589
4S-44,4S,4S-4,3,2,2022-04-04 05:57:24+00:00,2022-04-04 02:57:24+00:00,20220404001,40.59564683,-105.1403532,49.10644568,6.196128886
4S-44,4S,4S-4,4.000277778,2,2022-04-03 13:24:09+00:00,2022-04-03 09:24:08+00:00,20220403004,40.59564683,-105.1403532,61.27987314,4.473153053
5W-22,5W,5W-2,2.183333333,3,2022-04-03 07:24:07+00:00,2022-04-03 05:13:07+00:00,20220403002,40.595653,-105.1393917,591.6109188,49.66427107
5W-32,5W,5W-3,2.183333333,3,2022-03-29 23:42:40+00:00,2022-03-29 21:31:40+00:00,20220329005,40.59567883,-105.1393703,1341.444014,57.79597397
5S-36,5S,5S-3,4.683333333,5,2022-03-24 04:40:51+00:00,2022-03-23 23:59:51+00:00,20220323005,40.59593683,-105.1394157,421.8578936,28.16836313
4T-11,4T,4T-1,1.5,1,2022-03-23 16:48:41+00:00,2022-03-23 15:18:41+00:00,20220323001,40.59575067,-105.1398913,2937.631312,158.5214701
5W-18,5W,5W-1,4.183333333,3,2022-03-23 13:18:37+00:00,2022-03-23 09:07:37+00:00,20220322006,40.595623,-105.1394388,661.2441727,29.92129449
5S-35,5S,5S-3,5.183611111,5,2022-03-23 07:07:33+00:00,2022-03-23 01:56:32+00:00,20220322004,40.59593867,-105.1394113,392.5262857,29.04946018
5W-13,5W,5W-1,8.183333333,5,2022-03-22 15:53:13+00:00,2022-03-22 07:42:13+00:00,20220321009,40.59561533,-105.1394182,255.7120128,32.16730547
4T-22,4T,4T-2,1.5,1,2022-03-22 01:42:10+00:00,2022-03-22 00:12:10+00:00,20220321005,40.59579867,-105.1398733,2960.206149,166.2837872
4T-11,4T,4T-1,3.5,1,2022-03-20 00:47:20+00:00,2022-03-19 21:17:20+00:00,20220319007,40.59575067,-105.1398913,1621.772137,155.277584
4T-12,4T,4T-1,1,1,2022-03-18 20:13:14+00:00,2022-03-18 19:13:14+00:00,20220318001,40.595764,-105.1399033,3489.551095,232.2375865
4T-32,4T,4T-3,5,2,2022-03-18 03:51:00+00:00,2022-03-17 22:51:00+00:00,20220317003,40.5958375,-105.1398447,896.0803349,151.5823055
5S-14,5S,5S-1,5,2,2022-03-18 03:51:00+00:00,2022-03-17 22:51:00+00:00,20220317003,40.59590333,-105.1393615,717.1074524,32.8951426
5S-21,5S,5S-2,5.183333333,5,2022-03-17 11:20:50+00:00,2022-03-17 06:09:50+00:00,20220316007,40.59593583,-105.1393965,390.33151,28.88650762
4W-47,4W,4W-4,5.183333333,5,2022-03-17 11:20:50+00:00,2022-03-17 06:09:50+00:00,20220316007,40.59595267,-105.1403517,68.75497245,3.610185064
5W-26,5W,5W-2,4.183055556,3,2022-03-17 04:09:46+00:00,2022-03-16 23:58:47+00:00,20220316005,40.5956515,-105.1393952,842.2191648,29.31071335
4W-15,4W,4W-1,5.5,2,2022-03-16 04:10:54+00:00,2022-03-15 22:40:54+00:00,20220315009,40.59594217,-105.1402197,152.6936211,4.534063272
5S-12,5S,5S-1,3,1,2022-03-14 23:35:05+00:00,2022-03-14 20:35:05+00:00,20220314007,40.59591783,-105.1393697,1137.800705,38.81691823
4W-47,4W,4W-4,7.183333333,3,2022-03-14 18:35:02+00:00,2022-03-14 11:24:02+00:00,20220314005,40.59595267,-105.1403517,69.73745417,3.034432854
4S-32,4S,4S-3,6.999722222,2,2022-03-13 09:06:32+00:00,2022-03-13 02:06:33+00:00,20220312007,40.59564083,-105.1403,157.5943236,7.188360834
4S-44,4S,4S-4,3.999722222,2,2022-03-13 00:06:29+00:00,2022-03-12 20:06:30+00:00,20220312005,40.59564683,-105.1403532,57.89161948,8.667790797
4W-31,4W,4W-3,4.999722222,2,2022-03-12 12:06:22+00:00,2022-03-12 07:06:23+00:00,20220312001,40.595948,-105.1403037,180.376342,19.75274038
5S-28,5S,5S-2,8.183333333,5,2022-03-12 05:06:20+00:00,2022-03-11 20:55:20+00:00,20220311008,40.59593183,-105.1393905,237.8411777,29.75985513
5W-32,5W,5W-3,1.000277778,1,2022-03-11 16:36:09+00:00,2022-03-11 15:36:08+00:00,20220311005,40.59567883,-105.1393703,1450.945668,43.53859381
4T-11,4T,4T-1,1.499722222,1,2022-03-10 00:05:36+00:00,2022-03-09 22:35:37+00:00,20220309016,40.59575067,-105.1398913,2253.993283,156.3681453
4W-11,4W,4W-1,2.000277778,1,2022-03-07 23:31:18+00:00,2022-03-07 21:31:17+00:00,20220307009,40.59594667,-105.1402195,1839.034139,46.84797291
5W-18,5W,5W-1,2.183055556,3,2022-03-05 19:34:24+00:00,2022-03-05 17:23:25+00:00,20220305005,40.595623,-105.1394388,1165.670701,58.43689113
5S-36,5S,5S-3,2.999722222,1,2022-03-04 08:07:54+00:00,2022-03-04 05:07:55+00:00,20220303007,40.59593683,-105.1394157,92.0941655,3.660532046
4T-11,4T,4T-1,1.5,1,2022-03-03 18:52:44+00:00,2022-03-03 17:22:44+00:00,20220303001,40.59575067,-105.1398913,3189.98062,65.23638114
4W-32,4W,4W-3,2,2,2022-03-03 02:26:37+00:00,2022-03-03 00:26:37+00:00,20220302014,40.595947,-105.140307,1377.900505,39.11517732
5S-36,5S,5S-3,3,1,2022-03-02 07:32:53+00:00,2022-03-02 04:32:53+00:00,20220302001,40.59593683,-105.1394157,91.6727152,3.343142487
4T-22,4T,4T-2,1.500277778,1,2022-03-01 22:21:47+00:00,2022-03-01 20:51:46+00:00,20220301011,40.59579867,-105.1398733,2785.911931,78.77639009
4S-21,4S,4S-2,2,1,2022-03-01 12:10:36+00:00,2022-03-01 10:10:36+00:00,20220301005,40.59566467,-105.1402658,1656.166266,70.7786473
5S-23,5S,5S-2,3,1,2022-03-01 08:10:32+00:00,2022-03-01 05:10:32+00:00,20220301003,40.59592817,-105.1394038,183.0691752,16.53897212
4S-43,4S,4S-4,3.183055556,3,2022-02-27 15:28:37+00:00,2022-02-27 12:17:38+00:00,20220226018,40.59564283,-105.1403473,584.7464776,27.71163564
4S-23,4S,4S-2,2.183055556,3,2022-02-27 10:17:33+00:00,2022-02-27 08:06:34+00:00,20220226016,40.59563067,-105.1402638,726.8034695,31.40193645
4W-15,4W,4W-1,2.683611111,3,2022-02-26 13:55:22+00:00,2022-02-26 11:14:21+00:00,20220226006,40.59594217,-105.1402197,600.0216823,27.7987923
5S-14,5S,5S-1,2,2,2022-02-26 09:14:19+00:00,2022-02-26 07:14:19+00:00,20220226004,40.59590333,-105.1393615,675.8176236,35.88812915
5S-15,5S,5S-1,2.183333333,3,2022-02-26 05:14:18+00:00,2022-02-26 03:03:18+00:00,20220226002,40.59591267,-105.1393538,676.2929994,46.35732942
4W-47,4W,4W-4,1.683333333,3,2022-02-25 13:41:56+00:00,2022-02-25 12:00:56+00:00,20220225003,40.59595267,-105.1403517,805.666414,28.21486618
5W-26,5W,5W-2,2.000277778,2,2022-02-25 04:41:10+00:00,2022-02-25 02:41:09+00:00,20220224009,40.5956515,-105.1393952,1198.38951,36.63615656
4T-32,4T,4T-3,2.183333333,3,2022-02-25 00:11:06+00:00,2022-02-24 22:00:06+00:00,20220224007,40.5958375,-105.1398447,1173.471911,200.7841036
4W-15,4W,4W-1,2.183333333,3,2022-02-25 00:11:06+00:00,2022-02-24 22:00:06+00:00,20220224007,40.59594217,-105.1402197,999.8589444,157.4376558
5W-13,5W,5W-1,2.5,2,2022-02-24 19:30:02+00:00,2022-02-24 17:00:02+00:00,20220224005,40.59561533,-105.1394182,698.685758,50.31073484
5W-31,5W,5W-3,3,1,2022-02-24 00:29:54+00:00,2022-02-23 21:29:54+00:00,20220223006,40.59568017,-105.1393735,2002.818246,57.45466264
5W-32,5W,5W-3,4,1,2022-02-23 19:58:17+00:00,2022-02-23 15:58:17+00:00,20220223004,40.59567883,-105.1393703,1188.224795,77.2522362
4T-12,4T,4T-1,4,1,2022-02-22 16:33:25+00:00,2022-02-22 12:33:25+00:00,20220221011,40.595764,-105.1399033,1229.640846,46.92555898
4T-11,4T,4T-1,2.000277778,1,2022-02-22 10:33:23+00:00,2022-02-22 08:33:22+00:00,20220221009,40.59575067,-105.1398913,1953.021588,54.58742138
4S-41,4S,4S-4,3.183611111,4,2022-02-21 05:53:30+00:00,2022-02-21 02:42:29+00:00,20220220007,40.595668,-105.1403495,630.7992843,34.81660078
4W-11,4W,4W-1,2.183333333,4,2022-02-20 23:42:25+00:00,2022-02-20 21:31:25+00:00,20220220005,40.59594667,-105.1402195,920.7767564,45.650641
4T-32,4T,4T-3,2.183333333,5,2022-02-20 05:27:14+00:00,2022-02-20 03:16:14+00:00,20220219005,40.5958375,-105.1398447,1000.067174,85.5101183
4T-31,4T,4T-3,2.183611111,5,2022-02-19 23:16:11+00:00,2022-02-19 21:05:10+00:00,20220219003,40.59583017,-105.139824,783.539612,142.7059633
4W-32,4W,4W-3,3,2,2022-02-19 11:05:02+00:00,2022-02-19 08:05:02+00:00,20220218015,40.595947,-105.140307,746.0797684,33.09285583
5S-32,5S,5S-3,2.183055556,3,2022-02-19 04:35:00+00:00,2022-02-19 02:24:01+00:00,20220218013,40.595943,-105.1394298,758.3996208,28.05942214
4S-41,4S,4S-4,2.683333333,4,2022-02-18 07:44:09+00:00,2022-02-18 05:03:09+00:00,20220218002,40.595668,-105.1403495,652.1041456,35.92777825
4S-42,4S,4S-4,4.183333333,5,2022-02-17 15:09:41+00:00,2022-02-17 10:58:41+00:00,20220217003,40.59566533,-105.1403468,557.6845604,28.20269368
5S-23,5S,5S-2,3.000277778,2,2022-02-17 06:58:38+00:00,2022-02-17 03:58:37+00:00,20220217001,40.59592817,-105.1394038,596.8785298,29.90308916
4S-42,4S,4S-4,4.183333333,4,2022-02-16 13:17:28+00:00,2022-02-16 09:06:28+00:00,20220216004,40.59566533,-105.1403468,540.633689,28.39047403
5S-35,5S,5S-3,4.183055556,5,2022-02-16 06:36:25+00:00,2022-02-16 02:25:26+00:00,20220216002,40.59593867,-105.1394113,485.4408905,28.19575232
4W-51,4W,4W-5,1.183333333,4,2022-02-14 20:39:49+00:00,2022-02-14 19:28:49+00:00,20220214001,40.59594817,-105.1403913,1169.771407,34.96150591
5S-21,5S,5S-2,2.184444444,4,2022-02-10 05:11:54+00:00,2022-02-10 03:00:50+00:00,20220209005,40.59593583,-105.1393965,292.4946054,27.71998579
4S-33,4S,4S-3,2.500277778,2,2022-02-07 23:56:49+00:00,2022-02-07 21:26:48+00:00,20220207003,40.595665,-105.1403025,115.85621,3.867597753
5W-18,5W,5W-1,2.000555556,2,2022-02-07 04:07:49+00:00,2022-02-07 02:07:47+00:00,20220206005,40.595623,-105.1394388,253.5456357,3.432125273
5W-26,5W,5W-2,1.891111111,2,2022-02-04 23:13:55+00:00,2022-02-04 21:20:27+00:00,20220204004,40.5956515,-105.1393952,325.5003322,30.53022798
4T-31,4T,4T-3,2.000833333,2,2022-02-03 04:11:15+00:00,2022-02-03 02:11:12+00:00,20220202005,40.59583017,-105.139824,124.3386435,3.499436874
5S-15,5S,5S-1,2.000833333,2,2022-02-03 04:11:15+00:00,2022-02-03 02:11:12+00:00,20220202005,40.59591267,-105.1393538,89.73056839,5.053789669
4S-32,4S,4S-3,3.184444444,3,2022-02-03 00:11:02+00:00,2022-02-02 20:59:58+00:00,20220202003,40.59564083,-105.1403,183.886861,3.343634736
5W-21,5W,5W-2,2.000277778,2,2022-02-02 03:59:34+00:00,2022-02-02 01:59:33+00:00,20220201005,40.59565283,-105.1394052,203.1374084,5.187184269
4T-11,4T,4T-1,1,1,2022-05-05 20:38:59+00:00,2022-05-05 19:38:59+00:00,20220505003,40.59575067,-105.1398913,3729.557507,232.5152338
4W-54,4W,4W-5,5.000277778,1,2022-05-03 05:22:46+00:00,2022-05-03 00:22:45+00:00,20220502010,40.59593983,-105.1403915,531.1282931,60.44501031
4S-23,4S,4S-2,0.749722222,1,2022-05-02 18:41:14+00:00,2022-05-02 17:56:15+00:00,20220502005,40.59563067,-105.1402638,5503.100909,211.7705442
4S-43,4S,4S-4,1.5,1,2022-04-30 01:20:45+00:00,2022-04-29 23:50:45+00:00,20220429007,40.59564283,-105.1403473,2755.675617,163.888292
4T-32,4T,4T-3,1,1,2022-04-29 21:50:42+00:00,2022-04-29 20:50:42+00:00,20220429005,40.5958375,-105.1398447,3187.0108,218.2073001
4T-32,4T,4T-3,1.249722222,1,2022-04-29 19:04:40+00:00,2022-04-29 17:49:41+00:00,20220429001,40.5958375,-105.1398447,3204.792789,158.3418827
4T-31,4T,4T-3,2.75,1,2022-04-29 15:49:35+00:00,2022-04-29 13:04:35+00:00,20220428007,40.59583017,-105.139824,2132.639332,152.576364
4W-47,4W,4W-4,5.999722222,2,2022-04-26 12:55:46+00:00,2022-04-26 06:55:47+00:00,20220425003,40.59595267,-105.1403517,575.1866841,54.26709963
5S-21,5S,5S-2,5.999722222,2,2022-04-26 12:55:46+00:00,2022-04-26 06:55:47+00:00,20220425003,40.59593583,-105.1393965,489.5513252,124.9475791
4S-21,4S,4S-2,1.25,1,2022-04-23 19:55:15+00:00,2022-04-23 18:40:15+00:00,20220422009,40.59566467,-105.1402658,1864.900911,153.3831914
5W-18,5W,5W-1,1.75,2,2022-04-21 20:48:20+00:00,2022-04-21 19:03:20+00:00,20220421003,40.595623,-105.1394388,432.9716289,31.94597542
5W-18,5W,5W-1,1.5,2,2022-04-20 17:03:00+00:00,2022-04-20 15:33:00+00:00,20220419009,40.595623,-105.1394388,460.5314005,32.92090929
4S-21,4S,4S-2,0.499722222,2,2022-04-18 16:47:36+00:00,2022-04-18 16:17:37+00:00,20220418003,40.59566467,-105.1402658,2067.642662,141.063748
5S-28,5S,5S-2,3.183333333,4,2022-04-15 07:56:13+00:00,2022-04-15 04:45:13+00:00,20220415001,40.59593183,-105.1393905,347.4131773,29.38958426
4T-31,4T,4T-3,2.000277778,2,2022-04-13 17:52:49+00:00,2022-04-13 15:52:48+00:00,20220413001,40.59583017,-105.139824,1875.52048,152.4400271
5S-12,5S,5S-1,1,2,2022-04-12 20:48:32+00:00,2022-04-12 19:48:32+00:00,20220412003,40.59591783,-105.1393697,1738.856348,45.75110506
5W-21,5W,5W-2,7.183333333,4,2022-04-12 13:48:25+00:00,2022-04-12 06:37:25+00:00,20220411010,40.59565283,-105.1394052,267.0234922,29.89946698
5S-14,5S,5S-1,2.683333333,4,2022-04-12 04:37:23+00:00,2022-04-12 01:56:23+00:00,20220411008,40.59590333,-105.1393615,934.5694985,29.95856486
4W-12,4W,4W-1,2.683333333,4,2022-04-12 04:37:23+00:00,2022-04-12 01:56:23+00:00,20220411008,40.59593383,-105.1402173,809.8242575,33.5834593
5W-22,5W,5W-2,2.683333333,4,2022-04-12 04:37:23+00:00,2022-04-12 01:56:23+00:00,20220411008,40.595653,-105.1393917,752.8236465,30.33806192
5S-23,5S,5S-2,4.683333333,3,2022-04-10 02:00:06+00:00,2022-04-09 21:19:06+00:00,20220409001,40.59592817,-105.1394038,435.3992892,28.43073171
5W-34,5W,5W-3,2.000277778,2,2022-04-06 17:27:40+00:00,2022-04-06 15:27:39+00:00,20220406003,40.59568717,-105.1393902,2152.420987,45.36115695
4W-11,4W,4W-1,2.000277778,2,2022-04-06 17:27:40+00:00,2022-04-06 15:27:39+00:00,20220406003,40.59594667,-105.1402195,2029.458513,40.83450628
4W-26,4W,4W-2,4,2,2022-04-06 10:27:37+00:00,2022-04-06 06:27:37+00:00,20220406001,40.59592967,-105.1402628,593.1839011,42.72482926
5S-36,5S,5S-3,4,2,2022-04-06 10:27:37+00:00,2022-04-06 06:27:37+00:00,20220406001,40.59593683,-105.1394157,502.5452355,72.38490271
4S-14,4S,4S-1,5.183333333,3,2022-04-06 02:27:34+00:00,2022-04-05 21:16:34+00:00,20220405005,40.595651,-105.1402282,9.031637223,26.77976968
4W-54,4W,4W-5,5.183333333,3,2022-04-06 02:27:34+00:00,2022-04-05 21:16:34+00:00,20220405005,40.59593983,-105.1403915,9.029889705,26.78261751
4S-14,4S,4S-1,4.183333333,3,2022-04-05 08:05:25+00:00,2022-04-05 03:54:25+00:00,20220404009,40.595651,-105.1402282,8.018679573,26.78151389
5W-110,5W,5W-1,3.183333333,3,2022-04-05 00:54:24+00:00,2022-04-04 21:43:24+00:00,20220404007,40.59562167,-105.139431,558.5821437,28.83808082
5W-21,5W,5W-2,3.683333333,5,2022-04-03 22:57:20+00:00,2022-04-03 19:16:20+00:00,20220403006,40.59565283,-105.1394052,363.8728723,29.28712977
4W-31,4W,4W-3,3.683333333,5,2022-04-03 22:57:20+00:00,2022-04-03 19:16:20+00:00,20220403006,40.595948,-105.1403037,160.1828419,3.779755373
4S-44,4S,4S-4,3.683333333,5,2022-04-03 22:57:20+00:00,2022-04-03 19:16:20+00:00,20220403006,40.59564683,-105.1403532,49.9075821,3.116644919
5W-22,5W,5W-2,3.183333333,3,2022-04-01 20:43:02+00:00,2022-04-01 17:32:02+00:00,20220401004,40.595653,-105.1393917,586.3043156,31.74025544
5S-14,5S,5S-1,3,2,2022-04-01 02:52:07+00:00,2022-03-31 23:52:07+00:00,20220331004,40.59590333,-105.1393615,0.429728465,2.677831799
5W-26,5W,5W-2,3.183333333,3,2022-03-31 21:52:06+00:00,2022-03-31 18:41:06+00:00,20220331002,40.5956515,-105.1393952,6.65589131,55.01867934
5S-15,5S,5S-1,3.183333333,3,2022-03-31 21:52:06+00:00,2022-03-31 18:41:06+00:00,20220331002,40.59591267,-105.1393538,0.445529521,2.680155046
5W-32,5W,5W-3,2.683333333,3,2022-03-31 00:46:01+00:00,2022-03-30 22:05:01+00:00,20220330004,40.59567883,-105.1393703,1352.30426,62.86980721
5S-15,5S,5S-1,4,2,2022-03-30 11:53:48+00:00,2022-03-30 07:53:48+00:00,20220329009,40.59591267,-105.1393538,135.2026549,26.16609579
4W-15,4W,4W-1,4,2,2022-03-30 11:53:48+00:00,2022-03-30 07:53:48+00:00,20220329009,40.59594217,-105.1402197,7.774942187,26.79464995
5W-23,5W,5W-2,4.903611111,4,2022-03-29 19:31:39+00:00,2022-03-29 14:37:26+00:00,20220329003,40.5956435,-105.1393938,52.3760655,2.925255657
5S-34,5S,5S-3,4.183333333,5,2022-03-29 09:19:48+00:00,2022-03-29 05:08:48+00:00,20220329001,40.5959345,-105.1394178,143.5328397,6.503314017
4W-26,4W,4W-2,4.183333333,5,2022-03-29 09:19:48+00:00,2022-03-29 05:08:48+00:00,20220329001,40.59592967,-105.1402628,72.32170557,3.163825089
5W-23,5W,5W-2,4.183333333,5,2022-03-29 09:19:48+00:00,2022-03-29 05:08:48+00:00,20220329001,40.5956435,-105.1393938,52.58939593,2.973051466
4S-12,4S,4S-1,5,2,2022-03-29 02:38:46+00:00,2022-03-28 21:38:46+00:00,20220328003,40.59561917,-105.1402258,152.3629908,4.302589937
5S-35,5S,5S-3,4.683333333,4,2022-03-28 19:38:45+00:00,2022-03-28 14:57:45+00:00,20220328001,40.59593867,-105.1394113,136.1432386,3.848707735
4T-31,4T,4T-3,7.183055556,4,2022-03-26 22:17:29+00:00,2022-03-26 15:06:30+00:00,20220325013,40.59583017,-105.139824,186.2291007,3.804978488
5S-35,5S,5S-3,7.183055556,4,2022-03-26 22:17:29+00:00,2022-03-26 15:06:30+00:00,20220325013,40.59593867,-105.1394113,123.4625735,2.954438442
5W-23,5W,5W-2,7.183055556,4,2022-03-26 22:17:29+00:00,2022-03-26 15:06:30+00:00,20220325013,40.5956435,-105.1393938,47.49918657,2.637520705
5S-35,5S,5S-3,3.183611111,4,2022-03-26 01:55:18+00:00,2022-03-25 22:44:17+00:00,20220325009,40.59593867,-105.1394113,123.0336456,2.841825658
5W-110,5W,5W-1,3,2,2022-03-25 19:16:50+00:00,2022-03-25 16:16:50+00:00,20220325006,40.59562167,-105.139431,721.0284189,31.22460573
5S-23,5S,5S-2,5.183611111,4,2022-03-25 06:46:39+00:00,2022-03-25 01:35:38+00:00,20220324004,40.59592817,-105.1394038,351.2587037,38.85603197
5S-34,5S,5S-3,3.683333333,3,2022-03-24 21:22:03+00:00,2022-03-24 17:41:03+00:00,20220324001,40.5959345,-105.1394178,565.1500018,59.44246255
4T-31,4T,4T-3,4,2,2022-03-24 15:40:59+00:00,2022-03-24 11:40:59+00:00,20220323009,40.59583017,-105.139824,1309.217793,154.9714463
5W-110,5W,5W-1,4,2,2022-03-24 15:40:59+00:00,2022-03-24 11:40:59+00:00,20220323009,40.59562167,-105.139431,830.2902463,65.18952072
4T-32,4T,4T-3,2.999722222,2,2022-03-24 09:40:55+00:00,2022-03-24 06:40:56+00:00,20220323007,40.5958375,-105.1398447,2210.427248,193.6964636
5S-23,5S,5S-2,2.999722222,2,2022-03-24 09:40:55+00:00,2022-03-24 06:40:56+00:00,20220323007,40.59592817,-105.1394038,840.9018594,33.92897523
4W-26,4W,4W-2,4.683333333,5,2022-03-24 04:40:51+00:00,2022-03-23 23:59:51+00:00,20220323005,40.59592967,-105.1402628,155.7922778,3.478039299
4S-14,4S,4S-1,4.683333333,5,2022-03-24 04:40:51+00:00,2022-03-23 23:59:51+00:00,20220323005,40.595651,-105.1402282,60.08331674,3.617196732
5S-34,5S,5S-3,3.183333333,3,2022-03-23 21:59:46+00:00,2022-03-23 18:48:46+00:00,20220323003,40.5959345,-105.1394178,898.5296285,56.34706329
5W-11,5W,5W-1,5.183611111,5,2022-03-23 07:07:33+00:00,2022-03-23 01:56:32+00:00,20220322004,40.59561783,-105.1394243,261.6654531,29.5377776
4W-54,4W,4W-5,5.183611111,5,2022-03-23 07:07:33+00:00,2022-03-23 01:56:32+00:00,20220322004,40.59593983,-105.1403915,68.03759033,3.154994063
5S-34,5S,5S-3,4.183333333,4,2022-03-22 23:56:29+00:00,2022-03-22 19:45:29+00:00,20220322002,40.5959345,-105.1394178,512.3931532,28.52465832
4W-22,4W,4W-2,4.183333333,4,2022-03-22 23:56:29+00:00,2022-03-22 19:45:29+00:00,20220322002,40.59595283,-105.1402622,152.9609109,4.339536022
4W-47,4W,4W-4,8.183333333,5,2022-03-22 15:53:13+00:00,2022-03-22 07:42:13+00:00,20220321009,40.59595267,-105.1403517,64.69721328,3.519632333
4T-31,4T,4T-3,2,2,2022-03-21 18:42:07+00:00,2022-03-21 16:42:07+00:00,20220321001,40.59583017,-105.139824,1003.55541,144.025217
5S-21,5S,5S-2,6.499722222,2,2022-03-20 22:33:37+00:00,2022-03-20 16:03:38+00:00,20220320005,40.59593583,-105.1393965,485.625306,44.56595752
4S-44,4S,4S-4,6.499722222,2,2022-03-20 22:33:37+00:00,2022-03-20 16:03:38+00:00,20220320005,40.59564683,-105.1403532,60.65793298,3.774202504
5S-15,5S,5S-1,6,2,2022-03-20 14:03:34+00:00,2022-03-20 08:03:34+00:00,20220320003,40.59591267,-105.1393538,507.8439929,36.68099214
4S-32,4S,4S-3,6,2,2022-03-20 14:03:34+00:00,2022-03-20 08:03:34+00:00,20220320003,40.59564083,-105.1403,146.4007465,22.42973394
5W-21,5W,5W-2,2.5,2,2022-03-20 06:03:31+00:00,2022-03-20 03:33:31+00:00,20220320001,40.59565283,-105.1394052,420.7104101,35.74151014
4W-31,4W,4W-3,2.5,2,2022-03-20 06:03:31+00:00,2022-03-20 03:33:31+00:00,20220320001,40.595948,-105.1403037,201.6691831,4.610327832
5S-14,5S,5S-1,3.183333333,3,2022-03-19 15:17:12+00:00,2022-03-19 12:06:12+00:00,20220319003,40.59590333,-105.1393615,726.2728027,48.40937447
5W-22,5W,5W-2,3.183333333,3,2022-03-19 15:17:12+00:00,2022-03-19 12:06:12+00:00,20220319003,40.595653,-105.1393917,634.5504889,31.31845172
5W-26,5W,5W-2,2.999722222,2,2022-03-19 10:06:09+00:00,2022-03-19 07:06:10+00:00,20220319001,40.5956515,-105.1393952,392.4008799,30.28127611
4W-15,4W,4W-1,2.999722222,2,2022-03-19 10:06:09+00:00,2022-03-19 07:06:10+00:00,20220319001,40.59594217,-105.1402197,154.7366788,3.611706745
5W-26,5W,5W-2,3.183333333,3,2022-03-18 17:13:09+00:00,2022-03-18 14:02:09+00:00,20220317007,40.5956515,-105.1393952,856.8236734,34.8315122
5S-15,5S,5S-1,3.183333333,3,2022-03-18 17:13:09+00:00,2022-03-18 14:02:09+00:00,20220317007,40.59591267,-105.1393538,740.0150621,29.50397302
5S-21,5S,5S-2,6.183333333,5,2022-03-18 12:02:04+00:00,2022-03-18 05:51:04+00:00,20220317005,40.59593583,-105.1393965,395.3287125,43.08276583
5W-13,5W,5W-1,6.183333333,5,2022-03-18 12:02:04+00:00,2022-03-18 05:51:04+00:00,20220317005,40.59561533,-105.1394182,268.460016,29.4607236
4S-22,4S,4S-2,6.183333333,5,2022-03-18 12:02:04+00:00,2022-03-18 05:51:04+00:00,20220317005,40.59566267,-105.1402618,151.6694683,3.49083692
4W-47,4W,4W-4,6.183333333,5,2022-03-18 12:02:04+00:00,2022-03-18 05:51:04+00:00,20220317005,40.59595267,-105.1403517,70.13607652,3.070247393
5W-22,5W,5W-2,4,2,2022-03-17 17:20:53+00:00,2022-03-17 13:20:53+00:00,20220316009,40.595653,-105.1393917,379.8618194,287.7631632
5W-22,5W,5W-2,3.042222222,3,2022-03-16 18:28:41+00:00,2022-03-16 15:26:09+00:00,20220316001,40.595653,-105.1393917,590.6668611,31.03495968
5S-28,5S,5S-2,8.183333333,5,2022-03-15 09:46:09+00:00,2022-03-15 01:35:09+00:00,20220314009,40.59593183,-105.1393905,239.1372042,33.9865543
4S-44,4S,4S-4,8.183333333,5,2022-03-15 09:46:09+00:00,2022-03-15 01:35:09+00:00,20220314009,40.59564683,-105.1403532,61.74872801,3.382558169
5S-21,5S,5S-2,2.183333333,5,2022-03-14 04:23:55+00:00,2022-03-14 02:12:55+00:00,20220314001,40.59593583,-105.1393965,386.6163678,29.14106771
4S-22,4S,4S-2,2.183333333,5,2022-03-14 04:23:55+00:00,2022-03-14 02:12:55+00:00,20220314001,40.59566267,-105.1402618,147.6726937,3.908368124
4W-47,4W,4W-4,2.183333333,5,2022-03-14 04:23:55+00:00,2022-03-14 02:12:55+00:00,20220314001,40.59595267,-105.1403517,67.93454837,4.222757677
5S-15,5S,5S-1,3.183333333,3,2022-03-13 19:17:37+00:00,2022-03-13 16:06:37+00:00,20220312011,40.59591267,-105.1393538,695.7705472,69.34174119
5S-27,5S,5S-2,1.999722222,1,2022-03-11 13:36:04+00:00,2022-03-11 11:36:05+00:00,20220311003,40.59592467,-105.1393833,1300.193277,39.29883731
4W-15,4W,4W-1,3,1,2022-03-11 09:35:59+00:00,2022-03-11 06:35:59+00:00,20220311001,40.59594217,-105.1402197,127.381898,10.83418318
5W-21,5W,5W-2,2,1,2022-03-10 12:05:42+00:00,2022-03-10 10:05:42+00:00,20220309023,40.59565283,-105.1394052,574.4416641,35.32600176
4T-32,4T,4T-3,1.5,1,2022-03-08 03:01:19+00:00,2022-03-08 01:31:19+00:00,20220308001,40.5958375,-105.1398447,2213.646022,111.6660355
5S-35,5S,5S-3,2.999722222,1,2022-03-06 09:04:03+00:00,2022-03-06 06:04:04+00:00,20220306003,40.59593867,-105.1394113,93.37988004,3.288512574
5W-32,5W,5W-3,2.500277778,1,2022-03-06 00:04:30+00:00,2022-03-05 21:34:29+00:00,20220305007,40.59567883,-105.1393703,1043.677888,63.15611636
5S-36,5S,5S-3,2.5,1,2022-03-05 06:38:18+00:00,2022-03-05 04:08:18+00:00,20220304007,40.59593683,-105.1394157,91.27521235,3.755517833
4W-11,4W,4W-1,2.5,1,2022-03-04 03:07:51+00:00,2022-03-04 00:37:51+00:00,20220303005,40.59594667,-105.1402195,1806.225154,76.95296553
4W-51,4W,4W-5,2,1,2022-03-03 11:56:40+00:00,2022-03-03 09:56:40+00:00,20220302018,40.59594817,-105.1403913,2089.266867,38.93558463
5S-34,5S,5S-3,3.499722222,1,2022-03-03 07:56:38+00:00,2022-03-03 04:26:39+00:00,20220302016,40.5959345,-105.1394178,150.7787574,33.83224315
4T-32,4T,4T-3,0.75,2,2022-03-02 15:49:52+00:00,2022-03-02 15:04:52+00:00,20220302005,40.5958375,-105.1398447,3850.356738,127.3323618
4W-22,4W,4W-2,0.75,2,2022-03-02 15:49:52+00:00,2022-03-02 15:04:52+00:00,20220302005,40.59595283,-105.1402622,1382.859003,38.09934692
4T-32,4T,4T-3,1.5,1,2022-03-02 11:02:56+00:00,2022-03-02 09:32:56+00:00,20220302003,40.5958375,-105.1398447,2168.069851,87.75339456
4T-31,4T,4T-3,2.183055556,3,2022-03-02 02:32:49+00:00,2022-03-02 00:21:50+00:00,20220301013,40.59583017,-105.139824,1907.330276,82.56892816
4W-22,4W,4W-2,2.683333333,3,2022-03-01 15:21:39+00:00,2022-03-01 12:40:39+00:00,20220301007,40.59595283,-105.1402622,1241.175688,38.01785531
4W-26,4W,4W-2,2.683333333,3,2022-03-01 15:21:39+00:00,2022-03-01 12:40:39+00:00,20220301007,40.59592967,-105.1402628,789.5375121,29.80859639
4S-41,4S,4S-4,2.183333333,3,2022-03-01 03:10:28+00:00,2022-03-01 00:59:28+00:00,20220301001,40.595668,-105.1403495,1385.180678,96.81685489
5W-18,5W,5W-1,2.183333333,3,2022-03-01 03:10:28+00:00,2022-03-01 00:59:28+00:00,20220301001,40.595623,-105.1394388,1377.165172,57.61377362
5S-14,5S,5S-1,2.500277778,2,2022-02-28 22:59:27+00:00,2022-02-28 20:29:26+00:00,20220228007,40.59590333,-105.1393615,577.0026048,30.83563408
4S-32,4S,4S-3,2.499722222,2,2022-02-25 18:24:11+00:00,2022-02-25 15:54:12+00:00,20220225005,40.59564083,-105.1403,764.4896397,96.58034259
4W-43,4W,4W-4,1.999722222,2,2022-02-25 09:30:51+00:00,2022-02-25 07:30:52+00:00,20220225001,40.59594067,-105.1403488,991.6090499,52.51199468
5S-27,5S,5S-2,1.999722222,2,2022-02-25 09:30:51+00:00,2022-02-25 07:30:52+00:00,20220225001,40.59592467,-105.1393833,954.8819917,39.8510312
4W-43,4W,4W-4,2.499722222,1,2022-02-23 05:33:35+00:00,2022-02-23 03:03:36+00:00,20220223001,40.59594067,-105.1403488,1990.642431,133.4339418
4S-43,4S,4S-4,3,1,2022-02-22 05:03:21+00:00,2022-02-22 02:03:21+00:00,20220221006,40.59564283,-105.1403473,1489.854778,57.12981244
4S-23,4S,4S-2,1.5,1,2022-02-22 00:03:19+00:00,2022-02-21 22:33:19+00:00,20220221004,40.59563067,-105.1402638,2103.125786,68.27587276
5S-15,5S,5S-1,2.000277778,2,2022-02-21 20:33:19+00:00,2022-02-21 18:33:18+00:00,20220221002,40.59591267,-105.1393538,791.1626756,54.38409455
5W-34,5W,5W-3,3.183611111,4,2022-02-21 05:53:30+00:00,2022-02-21 02:42:29+00:00,20220220007,40.59568717,-105.1393902,34.36944905,29.27449728
4S-41,4S,4S-4,2.183333333,4,2022-02-20 23:42:25+00:00,2022-02-20 21:31:25+00:00,20220220005,40.595668,-105.1403495,803.5541187,66.03554542
4S-14,4S,4S-1,2.783333333,4,2022-02-20 17:31:21+00:00,2022-02-20 14:44:21+00:00,20220220003,40.595651,-105.1402282,638.182047,29.00888764
4W-32,4W,4W-3,2.283333333,5,2022-02-20 11:44:18+00:00,2022-02-20 09:27:18+00:00,20220220001,40.595947,-105.140307,846.452661,31.09627545
4S-14,4S,4S-1,2.283333333,5,2022-02-20 11:44:18+00:00,2022-02-20 09:27:18+00:00,20220220001,40.595651,-105.1402282,616.5611123,28.66320148
5W-18,5W,5W-1,2.183333333,5,2022-02-20 05:27:14+00:00,2022-02-20 03:16:14+00:00,20220219005,40.595623,-105.1394388,679.5345504,33.99505343
4S-12,4S,4S-1,2.183333333,5,2022-02-20 05:27:14+00:00,2022-02-20 03:16:14+00:00,20220219005,40.59561917,-105.1402258,615.2003479,29.00948907
4W-51,4W,4W-5,2.183611111,5,2022-02-19 23:16:11+00:00,2022-02-19 21:05:10+00:00,20220219003,40.59594817,-105.1403913,760.6837346,30.70682104
5W-110,5W,5W-1,2.183611111,5,2022-02-19 23:16:11+00:00,2022-02-19 21:05:10+00:00,20220219003,40.59562167,-105.139431,645.8121045,28.22127588
5W-34,5W,5W-3,2.183055556,3,2022-02-19 04:35:00+00:00,2022-02-19 02:24:01+00:00,20220218013,40.59568717,-105.1393902,43.95216773,29.50243486
5W-18,5W,5W-1,2.183333333,5,2022-02-18 23:23:58+00:00,2022-02-18 21:12:58+00:00,20220218011,40.595623,-105.1394388,667.0782773,30.29133095
4S-12,4S,4S-1,2.183333333,5,2022-02-18 23:23:58+00:00,2022-02-18 21:12:58+00:00,20220218011,40.59561917,-105.1402258,568.9944988,28.55940408
4T-22,4T,4T-2,1.683611111,4,2022-02-18 16:16:54+00:00,2022-02-18 14:35:53+00:00,20220218006,40.59579867,-105.1398733,1562.788677,261.081119
4W-51,4W,4W-5,1.683611111,4,2022-02-18 16:16:54+00:00,2022-02-18 14:35:53+00:00,20220218006,40.59594817,-105.1403913,1012.879252,75.79744651
5S-32,5S,5S-3,1.683611111,4,2022-02-18 16:16:54+00:00,2022-02-18 14:35:53+00:00,20220218006,40.595943,-105.1394298,936.1122448,39.86837353
4T-31,4T,4T-3,2.783333333,4,2022-02-18 12:31:12+00:00,2022-02-18 09:44:12+00:00,20220218004,40.59583017,-105.139824,1012.312799,168.9041812
4S-14,4S,4S-1,2.783333333,4,2022-02-18 12:31:12+00:00,2022-02-18 09:44:12+00:00,20220218004,40.595651,-105.1402282,693.9556939,30.5901853
4W-26,4W,4W-2,2.783333333,4,2022-02-18 12:31:12+00:00,2022-02-18 09:44:12+00:00,20220218004,40.59592967,-105.1402628,689.5217321,28.9012882
5S-26,5S,5S-2,2.683333333,4,2022-02-18 07:44:09+00:00,2022-02-18 05:03:09+00:00,20220218002,40.59592267,-105.139389,636.3146841,28.64537881
4W-11,4W,4W-1,2.183333333,4,2022-02-18 02:01:46+00:00,2022-02-17 23:50:46+00:00,20220217007,40.59594667,-105.1402195,1009.243965,53.4199856
4T-12,4T,4T-1,1.683333333,4,2022-02-17 20:50:45+00:00,2022-02-17 19:09:45+00:00,20220217005,40.595764,-105.1399033,1484.574383,120.2457392
4W-54,4W,4W-5,4.183333333,5,2022-02-17 15:09:41+00:00,2022-02-17 10:58:41+00:00,20220217003,40.59593983,-105.1403915,532.5589095,28.03797181
5W-23,5W,5W-2,4.183333333,5,2022-02-17 15:09:41+00:00,2022-02-17 10:58:41+00:00,20220217003,40.5956435,-105.1393938,466.3466558,28.21535124
4T-31,4T,4T-3,2.183333333,5,2022-02-16 19:28:32+00:00,2022-02-16 17:17:32+00:00,20220216006,40.59583017,-105.139824,876.179766,33.13792479
5W-110,5W,5W-1,2.183333333,5,2022-02-16 19:28:32+00:00,2022-02-16 17:17:32+00:00,20220216006,40.59562167,-105.139431,710.1756357,28.27391651
5W-23,5W,5W-2,4.183333333,4,2022-02-16 13:17:28+00:00,2022-02-16 09:06:28+00:00,20220216004,40.5956435,-105.1393938,461.8685435,39.19894916
4S-41,4S,4S-4,4.183055556,5,2022-02-16 06:36:25+00:00,2022-02-16 02:25:26+00:00,20220216002,40.595668,-105.1403495,6.741138031,26.78538619
4W-26,4W,4W-2,4.183055556,5,2022-02-16 06:36:25+00:00,2022-02-16 02:25:26+00:00,20220216002,40.59592967,-105.1402628,6.733420792,26.7944184
4W-54,4W,4W-5,1.901111111,5,2022-02-15 19:31:52+00:00,2022-02-15 17:37:48+00:00,20220215009,40.59593983,-105.1403915,475.8698789,29.6122885
5W-23,5W,5W-2,1.901111111,5,2022-02-15 19:31:52+00:00,2022-02-15 17:37:48+00:00,20220215009,40.5956435,-105.1393938,350.8205966,30.91856409
5S-36,5S,5S-3,1.901111111,5,2022-02-15 19:31:52+00:00,2022-02-15 17:37:48+00:00,20220215009,40.59593683,-105.1394157,320.5728947,29.56859163
5S-23,5S,5S-2,5.183333333,4,2022-02-15 09:37:52+00:00,2022-02-15 04:26:52+00:00,20220215001,40.59592817,-105.1394038,364.4758366,29.50458571
4T-11,4T,4T-1,2.783333333,5,2022-02-15 01:26:50+00:00,2022-02-14 22:39:50+00:00,20220214003,40.59575067,-105.1398913,981.7142306,61.98103793
4S-14,4S,4S-1,2.783333333,5,2022-02-15 01:26:50+00:00,2022-02-14 22:39:50+00:00,20220214003,40.595651,-105.1402282,594.1735756,28.52896708
5W-110,5W,5W-1,1.183333333,4,2022-02-14 20:39:49+00:00,2022-02-14 19:28:49+00:00,20220214001,40.59562167,-105.139431,1055.145521,49.66194183
5W-13,5W,5W-1,2,3,2022-02-11 18:27:29+00:00,2022-02-11 16:27:29+00:00,20220211004,40.59561533,-105.1394182,349.6520174,39.62033314
4T-32,4T,4T-3,1.996388889,4,2022-02-10 18:20:25+00:00,2022-02-10 16:20:38+00:00,20220210006,40.5958375,-105.1398447,1443.133908,186.695169
4W-31,4W,4W-3,1.996388889,4,2022-02-10 18:20:25+00:00,2022-02-10 16:20:38+00:00,20220210006,40.595948,-105.1403037,41.5573258,2.695578823
4W-31,4W,4W-3,2.184444444,4,2022-02-10 05:11:54+00:00,2022-02-10 03:00:50+00:00,20220209005,40.595948,-105.1403037,204.9270458,7.832011958
4S-32,4S,4S-3,2.184444444,3,2022-02-10 00:30:38+00:00,2022-02-09 22:19:34+00:00,20220209003,40.59564083,-105.1403,97.32175266,2.851644966
4S-31,4S,4S-3,2.000277778,3,2022-02-09 19:19:24+00:00,2022-02-09 17:19:23+00:00,20220209001,40.59564767,-105.1403063,189.9335779,4.03136283
4W-47,4W,4W-4,2.184166667,3,2022-02-09 07:19:13+00:00,2022-02-09 05:08:10+00:00,20220208009,40.59595267,-105.1403517,92.76030897,2.846156484
4W-43,4W,4W-4,2.684444444,3,2022-02-09 03:08:00+00:00,2022-02-09 00:26:56+00:00,20220208007,40.59594067,-105.1403488,115.9097358,2.939736246
4W-32,4W,4W-3,2.500555556,2,2022-02-08 22:26:46+00:00,2022-02-08 19:56:44+00:00,20220208005,40.595947,-105.140307,90.02292108,3.130051135
4T-31,4T,4T-3,2.000555556,2,2022-02-08 17:56:34+00:00,2022-02-08 15:56:32+00:00,20220208003,40.59583017,-105.139824,870.5648173,144.5449921
4S-33,4S,4S-3,2.000555556,2,2022-02-08 17:56:34+00:00,2022-02-08 15:56:32+00:00,20220208003,40.595665,-105.1403025,114.9499118,3.563545876
5S-36,5S,5S-3,3.184166667,4,2022-02-08 05:08:01+00:00,2022-02-08 01:56:58+00:00,20220208001,40.59593683,-105.1394157,282.7416848,27.13400252
4S-12,4S,4S-1,3.000555556,2,2022-02-07 00:07:37+00:00,2022-02-06 21:07:35+00:00,20220206003,40.59561917,-105.1402258,125.7758165,8.068164177
5S-23,5S,5S-2,2.184444444,3,2022-02-06 19:07:25+00:00,2022-02-06 16:56:21+00:00,20220206001,40.59592817,-105.1394038,180.6116581,3.167427889
5W-23,5W,5W-2,2.184444444,3,2022-02-06 19:07:25+00:00,2022-02-06 16:56:21+00:00,20220206001,40.5956435,-105.1393938,23.35242245,2.616282768
4T-31,4T,4T-3,2.184722222,3,2022-02-06 04:26:44+00:00,2022-02-06 02:15:39+00:00,20220205003,40.59583017,-105.139824,125.1662257,2.979183398
4W-26,4W,4W-2,3.000555556,2,2022-02-06 00:15:30+00:00,2022-02-05 21:15:28+00:00,20220205001,40.59592967,-105.1402628,40.67794434,4.595440076
5S-36,5S,5S-3,3.000555556,2,2022-02-06 00:15:30+00:00,2022-02-05 21:15:28+00:00,20220205001,40.59593683,-105.1394157,40.6009336,3.304526131
4T-31,4T,4T-3,3.000277778,2,2022-02-05 19:15:20+00:00,2022-02-05 16:15:19+00:00,20220204009,40.59583017,-105.139824,124.7289983,3.449856994
4W-32,4W,4W-3,3.184166667,3,2022-02-04 19:20:19+00:00,2022-02-04 16:09:16+00:00,20220204002,40.595947,-105.140307,583.2569741,26.72832959
4W-47,4W,4W-4,3.184444444,3,2022-02-03 00:11:02+00:00,2022-02-02 20:59:58+00:00,20220202003,40.59595267,-105.1403517,89.46248,2.828118563
5S-15,5S,5S-1,3.000277778,2,2022-02-01 23:59:24+00:00,2022-02-01 20:59:23+00:00,20220201003,40.59591267,-105.1393538,89.99986591,3.364729927
4S-22,4S,4S-2,2,3,2022-02-01 18:59:11+00:00,2022-02-01 16:59:11+00:00,20220201001,40.59566267,-105.1402618,166.1215479,4.621219358
4T-31,4T,4T-3,0.004444444,3,2022-04-16 17:39:55+00:00,2022-04-16 17:39:39+00:00,20220416004,40.59583017,-105.139824,0,0
4T-22,4T,4T-2,0.004444444,3,2022-04-16 17:39:55+00:00,2022-04-16 17:39:39+00:00,20220416004,40.59579867,-105.1398733,0,0
4T-11,4T,4T-1,0.004444444,3,2022-04-16 17:39:55+00:00,2022-04-16 17:39:39+00:00,20220416004,40.59575067,-105.1398913,0,0
5W-22,5W,5W-2,6.683333333,5,2022-04-11 15:53:20+00:00,2022-04-11 09:12:20+00:00,20220411001,40.595653,-105.1393917,0,0
5W-110,5W,5W-1,6.683333333,5,2022-04-11 15:53:20+00:00,2022-04-11 09:12:20+00:00,20220411001,40.59562167,-105.139431,0,0
5S-23,5S,5S-2,6.683333333,5,2022-04-11 15:53:20+00:00,2022-04-11 09:12:20+00:00,20220411001,40.59592817,-105.1394038,0,0
5S-14,5S,5S-1,6.683333333,5,2022-04-11 15:53:20+00:00,2022-04-11 09:12:20+00:00,20220411001,40.59590333,-105.1393615,0,0
4W-54,4W,4W-5,6.183333333,3,2022-04-11 07:12:16+00:00,2022-04-11 01:01:16+00:00,20220410004,40.59593983,-105.1403915,0,0
4S-14,4S,4S-1,6.183333333,3,2022-04-11 07:12:16+00:00,2022-04-11 01:01:16+00:00,20220410004,40.595651,-105.1402282,0,0
4W-32,4W,4W-3,4.183333333,3,2022-04-10 21:01:13+00:00,2022-04-10 16:50:13+00:00,20220410002,40.595947,-105.140307,0,0
4T-31,4T,4T-3,4.183333333,3,2022-04-10 21:01:13+00:00,2022-04-10 16:50:13+00:00,20220410002,40.59583017,-105.139824,0,0
5W-26,5W,5W-2,4,2,2022-04-01 09:22:09+00:00,2022-04-01 05:22:09+00:00,20220401001,40.5956515,-105.1393952,0,0
4T-31,4T,4T-3,4,2,2022-04-01 09:22:09+00:00,2022-04-01 05:22:09+00:00,20220401001,40.59583017,-105.139824,0,0
4T-12,4T,4T-1,1.183333333,3,2022-03-30 20:04:56+00:00,2022-03-30 18:53:56+00:00,20220330002,40.595764,-105.1399033,2010.626098,354.3724069
5W-31,5W,5W-3,1.183333333,3,2022-03-30 20:04:56+00:00,2022-03-30 18:53:56+00:00,20220330002,40.59568017,-105.1393735,1330.191758,57.77343814
5W-18,5W,5W-1,4.106388889,4,2022-03-26 12:06:25+00:00,2022-03-26 08:00:02+00:00,20220325011,40.595623,-105.1394388,0,0
5S-36,5S,5S-3,4.106388889,4,2022-03-26 12:06:25+00:00,2022-03-26 08:00:02+00:00,20220325011,40.59593683,-105.1394157,0,0
4W-22,4W,4W-2,4.106388889,4,2022-03-26 12:06:25+00:00,2022-03-26 08:00:02+00:00,20220325011,40.59595283,-105.1402622,0,0
4S-14,4S,4S-1,4.106388889,4,2022-03-26 12:06:25+00:00,2022-03-26 08:00:02+00:00,20220325011,40.595651,-105.1402282,0,0
5S-27,5S,5S-2,1.5,1,2022-03-16 21:58:45+00:00,2022-03-16 20:28:45+00:00,20220316003,40.59592467,-105.1393833,1952.750079,82.86929442
4S-22,4S,4S-2,0.273333333,1,2022-03-09 17:00:54+00:00,2022-03-09 16:44:30+00:00,20220309008,40.59566267,-105.1402618,269.8540359,2.864968231
5W-23,5W,5W-2,0.279444444,5,2022-02-15 16:50:17+00:00,2022-02-15 16:33:31+00:00,20220215006,40.5956435,-105.1393938,358.6512753,33.16807794
5S-36,5S,5S-3,0.279444444,5,2022-02-15 16:50:17+00:00,2022-02-15 16:33:31+00:00,20220215006,40.59593683,-105.1394157,340.2020666,29.6027953
4W-54,4W,4W-5,0.279444444,5,2022-02-15 16:50:17+00:00,2022-02-15 16:33:31+00:00,20220215006,40.59593983,-105.1403915,7.727274072,26.80070947
4S-42,4S,4S-4,0.279444444,5,2022-02-15 16:50:17+00:00,2022-02-15 16:33:31+00:00,20220215006,40.59566533,-105.1403468,7.713246863,26.79590089